10th543	{(moongift)}
1VQ9	{(DRZ400SM)}
24ok	{(bongole)}
3110	{(ar1)}
433t	{(app_engine)}
80nashi	{(matuzaki)}
99designs	{(github)}
A3Munier	{(jkivit)}
AAinslie	{(i2pi),(marshallk),(novaspivack)}
ASOBrasil	{(pcalcado)}
Aashay	{(arthi_rad)}
Abhishekgite446	{(romainrigaux)}
AdamHertz	{(hnshah),(safari)}
AdamKraut	{(delagoya)}
Agile_Cat	{(Japan_Clouds),(Nakada_itpro),(_nat),(chnt2010),(dragon119),(dyechan),(eiichirouchiumi),(in_the_crowd),(junichia),(kazunori_279),(matakeuchi),(n_yana),(nemoton),(nsharp_2ch),(okachimachiorz),(shita),(shot6),(ttkkmg),(yunh)}
AlanMorrison	{(PaulORorke),(john_avery)}
AllEarsDeb	{(tronkowski)}
AmsterdaTech	{(fabiopimentel)}
Anant_Singh	{(_tomg),(eahiv),(jeffz_cn),(tlipcon),(vijay2win)}
AndrewLampitt	{(mikeferguson1)}
Ann_Alytical	{(vinny2020)}
AntiFreeze	{(blaine)}
AntoineTwitts	{(flowingdata)}
ArmyOfBruce	{(tisba)}
Aske315	{(seishimurakami)}
AsterData	{(ansonism)}
AudibleOddities	{(rr)}
AuntiSpam	{(moomdede)}
BINC	{(dataspora)}
BadCaseOfDaWins	{(dysinger)}
BaronOfSweden	{(jholmberg)}
Beaker	{(wattersjames)}
BenJDyer	{(rjurney)}
BenStucki	{(rjowen)}
BenjaminJonez	{(evansneath)}
BigDataLabs	{(cloudcel)}
BlueBoxTraveler	{(Hakcer),(LusciousPear),(akitada),(bradfordcross),(bradheintz),(hornbeck),(jchris),(jdcryans),(jmhodges),(mat_kelcey),(nathanmarz),(phuff),(ryanobjc),(tcurdt),(xefyr),(xoclipse)}
BradleyF81	{(eleanorpyc03)}
BrittBertCao	{(xefyr)}
BrunoFantin	{(lornlab)}
BryanMigliorisi	{(lhillenbrand)}
ByteEngine	{(waynedixon)}
BytePatent	{(rgaidot)}
CMastication	{(DataJunkie),(bradfordcross),(daniel_levine),(drewconway),(esammer),(fdaapproved),(hadleywickham),(jaredlander),(johnmyleswhite),(kenahoo),(mikedewar),(neilkod),(numbercrunching),(peterflom),(peteskomoroch),(pkedrosky),(rjurney),(ryanprociuk),(vsbuffalo)}
CMatignon	{(casmrv)}
CSConnell	{(joshdsullivan)}
CWPPIgroup	{(google)}
CameronNeylon	{(yokofakun)}
CandidGroup	{(om)}
ChrisDiehl	{(CMastication),(DataJunkie),(drewconway),(jakehofman),(peteskomoroch),(rjurney),(sogrady)}
ChrisPaget	{(sintixerr)}
CouchDB	{(al3xandru),(aslak_hellesoy),(aviars),(cemerick),(davisp),(kevsmith),(mgualtieri),(nickaugust),(phaithful)}
Croisan	{(tom_e_white)}
CurtMonash	{(NeilRaden),(dmenninger),(hackathorn),(jbecla),(johnrrymer),(otrajman),(swooledge)}
Dalice	{(yukifujino)}
DanHarvey	{(jonindc1204),(mendeley_com)}
Dana_Gardner	{(CloudComputing3)}
DarkSmith	{(CouchDB)}
DarlingNicky999	{(emti),(originalmp)}
DataJunkie	{(ChrisDiehl),(LusciousPear),(alisohani),(atulskulkarni),(bradfordcross),(communicating),(cwensel),(dacort),(daniel_levine),(infochimps),(kevinweil),(nealrichter),(peteskomoroch),(phelo),(sandynathan),(shaunhess),(stevejb),(tjake),(vsbuffalo),(zaxtax)}
DavidStrauss	{(otisg)}
DieLaughing	{(brianshaler)}
DirkSunValley	{(jessesanford)}
DomLevin	{(zhenjl)}
DonMacAskill	{(sethweiner)}
DonaldEclipse	{(oisin)}
DongwooKim	{(aka_sato)}
DrQz	{(gwenshap)}
Dusual	{(ideamonk)}
EcoInteractive	{(dgerber2777)}
EinVogel___wtnb	{(tsubasashi)}
ElevateRG	{(sureddy)}
EugeneK	{(kazki)}
EveSimon	{(infochimps),(mrflip)}
EventCloudPro	{(NeilRobbins),(PaulMiller),(ShanleyKane),(bevelson),(ccgillett),(darachennis),(eric_andersen),(jameskobielus),(john_avery),(kingsleydavies),(lmacvittie),(mikeferguson1),(rjamestaylor),(ryanprociuk),(theVitalPath),(vtri)}
EverythingMySQL	{(cloudera)}
EvilBobbsy	{(kihitara)}
FOSSwiki	{(melly_g)}
FSHIRO	{(skuramochi)}
Fire_Tom	{(clavicle_),(nkg3)}
FlightCaster	{(bsiscovick)}
Forensication	{(8ball_)}
FrancescoC	{(williamsjoe)}
FrankAdman	{(infochimps)}
FrankVanHarmele	{(Rchards)}
Frank_Scholten	{(gsingers)}
Freakalytics	{(krees)}
FunnelFiasco	{(jordansissel),(tonyreinhart)}
GoldenHultz5323	{(infochimps)}
Greencognito	{(mjasay)}
GregOstravich	{(matthewmccull)}
GregRahn	{(neilkod)}
GregTracy	{(abraham)}
GregorMacdonald	{(pkedrosky)}
GreylockVC	{(TechCrunch)}
GuiasLocal	{(biz)}
Guutara	{(kzk_mover),(nkjm),(okachimachiorz),(shot6)}
HMOYTown	{(pinoystartup)}
HadoopKorea	{(seungjin)}
Hakcer	{(BlueBoxTraveler)}
HalleTecco	{(brent_jackson),(mikeolson)}
HeathWilkes	{(rjurney)}
Helmke	{(appistry)}
HenryR	{(ccgillett),(kweiner),(nosqlsummer),(phunt),(sogrady)}
Hicks_PAX	{(LusciousPear)}
Hippotas	{(nirajtolia)}
HorizonThink	{(faisalislam)}
HornedKavu	{(Crazy_Owl)}
Hwaet	{(ctrochalakis),(kevinweil)}
IAmDriverDan	{(chorn)}
IDisposable	{(Carnage4Life)}
IRLConor	{(janl)}
IanMulvany	{(zzgavin)}
IgorMinar	{(jrenko)}
JAdP	{(botchagalupe),(krishnan),(magicaltrout),(merv),(nraden)}
James_Hatheway	{(orenmazor)}
James_Rubino	{(Bochmann),(TarasNovak),(aaroncordova),(alisohani),(bradfordcross),(duydo),(g13n),(ixothym),(mndoci),(mrflip),(shashivelur),(stuartsierra),(timwee),(vermorel),(vtoroman)}
JanWillemTulp	{(agemooij),(freekl)}
JasonBogovich	{(TechCrunch),(ryanschmidt)}
JasonStoltz	{(dgentile1022)}
JayRWren	{(dmarsh)}
JeffGortatowsky	{(cmoreno77)}
JenJanson	{(vikkichowney)}
JeremiahkT	{(acmurthy)}
JoGnet	{(fabricemous)}
JohnApps	{(cjcdoomed)}
JohnSimonds	{(monkchips)}
JonGretar	{(Gommit)}
JonRowe	{(ianibbo)}
JoyceSolano	{(geekyethan)}
JustinAzoff	{(lintzston)}
KentBeck	{(bcarlso),(sylvanstargazer)}
KirinDave	{(ryanbriones)}
KiwiBeliebers	{(itsBekaa)}
KnutHellan	{(pyrat)}
KuniSuzaki	{(sakaiat)}
LauJensen	{(disclojure)}
LazyShion	{(nogamiryj),(y_benjo)}
LeeBillings	{(Oryctolagus)}
LeoJTravis10	{(Supakitsune)}
LeviDayley	{(factualinc)}
Levianto	{(temanmacet)}
LeyonCN	{(forest520)}
LinuxScribe	{(bernardgolden)}
LooppaCosmos	{(cloudera)}
LordPov	{(mark_liu)}
LoriGama	{(infochimps)}
LucasRenan	{(jchris)}
LusciousPear	{(BlueBoxTraveler),(Hicks_PAX),(Liger),(ShanleyKane),(agemooij),(al3xandru),(alisohani),(bradfordcross),(ceonyc),(chrisbaglieri),(cloud_connect),(codinghorror),(cxi),(dysinger),(emileifrem),(floleibert),(groovetini),(gzicherm),(iamdietrich),(idefine),(ivanassen),(kevinweil),(kimchy),(kkrugler),(markmadsen),(mgualtieri),(mikeolson),(mlmilleratmit),(mndoci),(mrflip),(nosql_topsy),(pbrane),(petersirota),(peteskomoroch),(rjurney),(rootwyrm),(strlen),(stuartsierra),(technomancy),(thepetshopboy),(tlipcon),(tonybain),(wattersjames)}
MKTitsworth	{(toluju)}
MPalmerMINK	{(forbes)}
MacDivaONA	{(infochimps)}
Madril	{(joaocruz04),(ruimoura)}
MaineC	{(tcurdt)}
ManoMarks	{(codepo8)}
MarcinGruszka	{(tom_peters)}
MarkDowe2010	{(science_book)}
MarkGStacey	{(rolandbouman),(siah)}
Masahito	{(voluntas)}
MemeNote	{(arstechnica)}
Metztli_IT	{(linuxdeveloper)}
MikeGrace	{(mikefarmer)}
MishaMalamud	{(botchagalupe)}
MissKatyKeene	{(saetaes)}
MladenPrajdic	{(BrentO)}
Mullwar	{(whiter4bbit)}
N	{(ahangai)}
NASA_SDO_HMI	{(TaviGreiner),(benaud)}
NJFEurope	{(BlueBoxTraveler),(arbovm),(cloudify),(dueckes)}
NafeesaE	{(Sparkbouy)}
Nakada_itpro	{(Agile_Cat),(KazumaAndoh),(ar1),(ichiro_satoh),(kzk_mover),(normalian),(okachimachiorz),(satoruf),(shot6),(tatsuya6502),(ufcpp),(yssk22)}
NateScharer	{(VidasM)}
NeilRaden	{(JAdP),(SethGrimes),(bitterer)}
NeilRobbins	{(colin_jack),(markembling)}
NetNoir	{(toluju)}
NotE0157H7	{(oldhat)}
Notopi	{(Jconner05)}
NunoCardoso	{(ivoanastacio)}
Obdurodon	{(tv)}
Oopsoopskeke	{(myditto)}
Oryctolagus	{(LeeBillings)}
OwenGreaves	{(RickRake)}
PatParslow	{(chris_alexander)}
PatrickTulskie	{(eachus)}
PaulLomax	{(WeTechnoPhobia)}
PaulMiller	{(LusciousPear),(botchagalupe),(scilib),(sclopit)}
PauloGaspar7	{(lucastex),(strlen)}
Pentaho	{(jameskobielus)}
PerilousApricot	{(evansde77)}
Peterjdolan	{(pierrefar)}
PhatBoyG	{(sieveman)}
PhilRack	{(CMastication)}
Pollytics	{(mishaschubert)}
Punken123	{(pixgreenday)}
Pythonner	{(andy_c),(jdcryans)}
QuaSSI	{(QuaSSI)}
Quesada	{(tinjaw)}
ROIFactory	{(economist)}
RafaelFajardo	{(ibogost)}
Rainstor	{(RamonChen)}
RamonChen	{(CloudFutures),(Zuora),(appirio),(merv),(mikeolson)}
Rapleaf	{(wayne530)}
Rchards	{(FrankVanHarmele),(tommyh)}
ReneFoobar	{(_robin)}
RevezNexus	{(kike_DNOiSE)}
RhysC	{(garry_stewart)}
Richard29	{(cbisciglia),(mikeolson),(otrajman)}
RichardVowles	{(keithsthomas)}
RickBullotta	{(nenshad)}
RobAshton	{(Ben_Hall)}
RobertTheGrey	{(ayende)}
Rose_at_O	{(PaulMiller)}
RyanBalfanz	{(marksands)}
RyanTownsend	{(codepo8)}
SMKlahr	{(jklahr)}
SNReimersDahl	{(mikeolson)}
STP	{(answers)}
SashaKane	{(JoshSkolnick)}
SavioRodrigues	{(jeremyburgin),(sogrady)}
ScarlettLetters	{(annanabanana)}
Scobleizer	{(benjaminellison),(gregscher)}
ScottAllen	{(BaldMan)}
SeanChittenden	{(neil_conway)}
SearchCzar	{(seomasterlist)}
SelfishMom	{(SassyCyndi)}
SerefArikan	{(alpayerturkmen)}
SethGrimes	{(NeilRaden),(jameskobielus),(kendall),(spooksandgeeks)}
SethOtter	{(vreahli)}
SexySEO	{(bobgourley),(cloudera),(eldon)}
ShlomoSwidler	{(kweiner),(troethom),(vambenepe)}
ShweS	{(ccgillett)}
SifuMoraga	{(epredator)}
Silona	{(infochimps)}
Simergence	{(kevsmith)}
Siryu	{(syl112)}
Skreo	{(RomainMuller)}
Stackingit	{(lukevenediger)}
Steve_Holcombe	{(john_chilmark)}
StevenWalling	{(donpdonp)}
Sunyoung_Park	{(minkc1)}
SuperRona	{(chingshen)}
SuperSaiyinX	{(deftones3300)}
SuzanneWong	{(parulia)}
SwissDAM	{(ChezPAX)}
TLewis3	{(eridine)}
TSUxNORI	{(ttaizo)}
TableauDataNerd	{(otrajman)}
TandooriKnight	{(lhillenbrand)}
TechJournalist	{(mikeolson)}
TechScruggs	{(josephkelly)}
TechnologyIowa	{(wadearnold)}
TedC	{(cloudera),(romefort),(steven_fletcher)}
TedWon	{(fharenheit)}
Terran_Systems	{(tristanbuckner)}
TheColonial	{(mat_kelcey)}
TiredFairy	{(esammer)}
Tom	{(ev)}
Truviso	{(ChrisDiehl),(IntelligentEnt),(jalter),(pakman)}
Tubanter	{(dawuss)}
TweetMeNews	{(alanirwin),(connerz0rz)}
TwitApeksha	{(hadoop),(nlpbot),(ntmartin),(vzaliva)}
TylerCoffin	{(jeffhorrocks)}
USSJoin	{(caseycrites)}
UtahGov	{(neilkod)}
Velona	{(mat_kelcey)}
Venckelino	{(DaBourz)}
VictusFate	{(emahlee)}
Vincent_Olivier	{(jfarcand)}
Web2N	{(Web2N)}
Werner	{(cperciva)}
Wesley_Butler	{(lhillenbrand)}
Westernwizard	{(bradfordcross)}
Wimet	{(ueshin)}
WiredBarn	{(kevinweil)}
Wordie	{(m2jr)}
XMLSDK	{(chpapa)}
XMrsBrownstoneX	{(susan01563)}
YunG_A_ReNee	{(maccxamillion)}
ZipperTheory	{(infoarbitrage)}
Zoudini	{(benhardy),(bradheintz),(stevereads)}
_JackieD_	{(rcollazo)}
_UnPrEdictAbLe_	{(mnetra)}
_Wrider	{(abbyleafe)}
__ciruzzo__	{(myui)}
_ayapan_	{(satoshinji)}
_daiki	{(kimtea)}
_evan	{(jeremy)}
_hgavin	{(mrflip)}
_pulsar_	{(woeye)}
_tarun	{(metcalfc)}
aadnoll	{(svdgraaf)}
aalmiray	{(puredanger),(wmacgyver)}
aantono	{(jboner)}
aaronblew	{(tlockney)}
aaronbush	{(ioerror)}
aaroncordova	{(James_Rubino),(drewfarris),(zooko)}
aaronmorton	{(beccadownes)}
aarontbell	{(cleverfoo)}
abatalion	{(ruby_dcamp)}
abdur	{(infochimps)}
abhinay	{(jfairbairn)}
abhishektiwari	{(agbiotec),(alisohani),(awadallah),(cloudera),(tsarvind)}
abraham	{(infochimps)}
abrenna	{(umulius)}
absolut_todd	{(markaufflick)}
acdog	{(sbtourist)}
achimnol	{(DongwooKim),(eddieyoon)}
acmurthy	{(jpatanooga),(tlipcon)}
acotie	{(sasata299)}
acroll	{(zoonini)}
actuary_math	{(infochimps)}
adamd	{(joshdilworth)}
adamsane	{(Mikaiya)}
adeeonline	{(asadabbas)}
adityamishra	{(Knowledgefaber)}
adpowers	{(BlueBoxTraveler),(dtrevino),(rckenned)}
adr	{(kendrak)}
adrianco	{(williamlouth)}
adrienlm	{(Grummfy)}
aduthie	{(mrflip)}
advany	{(mijndert)}
aefaradien	{(HolyHaddock)}
aeichenbaum	{(BlueBoxTraveler)}
aeolusfiaa	{(cutting),(tom_e_white)}
afugate	{(hornbeck)}
agaoglu	{(mozcelebi)}
agbiotec	{(mndoci),(pansapiens),(rberger),(yokofakun)}
agemooij	{(cloudera)}
agentK	{(virtix)}
agent_x	{(aparajuli)}
agnozingdays	{(yamasan007)}
aguynamedben	{(kimsterv),(rk)}
aidos	{(peterbowyer)}
ajaxan	{(willathome)}
ajdevries	{(jukkaz)}
ajlopez	{(federicoboerr),(lsbardel)}
akcoder	{(ak_hepcat)}
akirasoft	{(zigphroid)}
akitada	{(shinpei_ohtani),(squarecog),(tanarky)}
akohli	{(monkchips)}
akshar	{(cloudera)}
al3x	{(mattrepl)}
al3xandru	{(mwanji),(phatduckk),(smn)}
alecsharp	{(NeilRaden)}
alejandrocrosa	{(miloops)}
alex_gaynor	{(mjmalone)}
alexandrejaquet	{(hasalex),(pjaton)}
alexbilbie	{(joelg87)}
alexcapehart	{(reinvigorate)}
alexdong	{(ehwizard),(marchliu),(mat_kelcey),(tlipcon)}
alexiskold	{(andraz)}
alexlundry	{(nancyscola)}
alexott	{(holmic)}
alexvega	{(eduo)}
alexwilliams	{(LusciousPear)}
alibaabaa	{(NeilRobbins)}
alisohani	{(CouchDB),(LusciousPear),(RamonChen),(Scobleizer),(_hgavin),(aaroncordova),(amicel),(bradfordcross),(cwensel),(debasishg),(elijahmanor),(eugeneiiim),(infochimps),(infynyxx),(jmhsieh),(jrecursive),(jswanhart),(keithsthomas),(mutru),(nealrichter),(olemartin),(owen_omalley),(peterneubauer),(peteskomoroch),(psnively),(rgaidot),(rich_hutton),(sbtourist),(sclopit),(wllm)}
alkalineearth	{(infochimps),(lfeeney)}
allenday	{(boconnor)}
allowingsuccess	{(BigDaddyData)}
alper	{(Polledemaagt)}
alq	{(otisg)}
alsmola	{(mrshang)}
ambuoroko	{(charliethier)}
amicel	{(ogrisel)}
amitrathore	{(PelleB),(bradfordcross)}
amrithkumar	{(samanthastone)}
anbanbu	{(kiritter)}
ancechu	{(xamat)}
andefred	{(iconara)}
andoma	{(hult)}
andraz	{(alexiskold),(ptarjan),(refaktor)}
andreasdotorg	{(antirez)}
andrei_md	{(DmitryBaranovsk)}
andreisavu	{(hannescarlmeyer),(skitsanos)}
andresdouglas	{(tlipcon)}
andrew311	{(Vertica)}
andrew_clegg	{(fruit90210)}
andrewdeandrade	{(infoarbitrage)}
andrewmccall	{(codemonkeyism),(mja),(ryancarson),(sandroruch),(wimvanleuven)}
andrewserff	{(virtualandy)}
andrewwatson	{(lance)}
andry	{(15june)}
andy753421	{(curtclifton)}
andydavies	{(tonvanderliet)}
andyhickl	{(juansequeda),(mrflip)}
andykent	{(surflogic)}
andyliu1227	{(shinierball)}
angsuman	{(DaveTaylor),(guykawasaki)}
anibal	{(AAMG)}
anibalrojas	{(Sutto),(aslak_hellesoy),(iamdietrich),(jandot),(sbidwai),(thibaut_barrere)}
ansate	{(mmparker),(petewarden)}
anselm	{(inthecan)}
antirez	{(jima00)}
anutron	{(3n),(cloudera),(rauchg),(thejsblog)}
ao12	{(jurgenappelo)}
apachekr	{(studioego)}
apiplani	{(ShlomoSwidler)}
aptor	{(9Apache9)}
aqualung	{(hortovanyi)}
ar1	{(3110),(Nakada_itpro),(naraki),(sbg),(tjun),(yuripop)}
aratonton	{(T_akagi)}
ardell	{(boorad)}
argv0	{(sbidwai)}
arichika	{(Nakada_itpro)}
arikfr	{(guy)}
arisohn	{(scotchi)}
arj	{(asteingruebl)}
arjones	{(dbasch)}
arjunram	{(kshashi)}
aroopmp	{(amalji)}
arun_anand	{(infochimps)}
arunbatchu	{(bsletten),(michaelquick),(tom_e_white)}
arvenkatesan	{(awadallah)}
asadabbas	{(DataJunkie)}
asfoster	{(raygrieselhuber)}
ashigeru	{(kimtea),(okachimachiorz),(shot6)}
aslak_hellesoy	{(CouchDB),(christkv)}
aspender	{(perrins)}
astronautgo	{(asarathy)}
atmos	{(patmaddox)}
atosh_atosh	{(kis)}
attilacsordas	{(mndoci),(yokofakun)}
atulskulkarni	{(DataJunkie)}
atveit	{(borud),(stigsb)}
aufrank	{(infochimps)}
aurumaeus	{(deirdresm)}
averyj	{(cwoodruff),(jurgenappelo)}
aviars	{(CouchDB),(IdentityWoman)}
avometric	{(cloudera)}
awadallah	{(HenryR),(krudin),(peteskomoroch),(squarecog)}
awarzecha	{(monkchips)}
awest	{(marcesher)}
awws	{(andykent),(glenngillen)}
ayende	{(RobAshton),(RobertTheGrey),(joshcoffman),(mattcodes)}
azeem	{(nauiokaspark),(smagdali)}
azurewraith	{(nicktj)}
baaluck	{(kcome)}
babogorilla	{(neilkod)}
bakasan	{(kevindente)}
band	{(infochimps)}
barakmich	{(the_bait)}
barcoderobot	{(codewolf)}
barendgarvelink	{(jhkuperus)}
base10	{(cbjones1)}
basking2	{(sosiouxm3),(stuartsierra)}
battlecamel	{(nealrichter)}
bbrowning	{(seancribbs)}
bbuck153	{(campbellmichael)}
bdainton	{(infochimps)}
bdeetz	{(reiger)}
bdsays	{(80legs)}
be_b	{(finegameofnil)}
beettlle	{(kvetchingeditor)}
behi_at	{(hmuehlburger)}
behindtherabbit	{(mndoci)}
benbangert	{(spyced)}
bendingoutward	{(stefannava)}
benhardy	{(parand)}
bernardlunn	{(tonybain)}
berngp	{(aalmiray)}
besus	{(anamsa)}
bettisra1	{(mahesh6)}
bevelson	{(CurtMonash),(josvandongen)}
bfhall	{(dickwall)}
bfoo	{(sascha242)}
bhuto	{(freegeek)}
bigbluehat	{(CaseySoftware),(ithoughts_de)}
bigfleet	{(blairblends),(jonesbp)}
bigodines	{(ivandojr),(vivekrishna)}
billynewport	{(maslett)}
billzeller	{(akalsey)}
bird_owl	{(cloudera)}
bjburton	{(n8han)}
bjd145	{(jasoncwarner)}
bjornrud	{(marc_smith)}
blackbrrr	{(chadpaulson)}
blaine	{(kellan)}
blakesmith	{(RyanBalfanz)}
bleything	{(dje),(justinkistner)}
bluehavana	{(seancribbs)}
bmaso	{(martinzoldano)}
bmatt	{(kevinweil)}
bmichelson	{(jfcloutier)}
bob_calder	{(Kevin_Jackson)}
bobfeldbauer	{(jordansissel),(larsgeorge)}
boblozano	{(billynewport),(lmacvittie)}
boggle	{(janl),(momo13)}
bokardo	{(mediajunkie)}
boobookittifukk	{(SSBxoxo)}
boorad	{(chriscurtin),(jpatanooga),(rjurney)}
botanicus	{(justinsheehy),(synopsi)}
botchagalupe	{(JAdP),(MishaMalamud),(alisohani),(berkay),(chriscurtin),(cote),(dlambert),(dmcclure),(jamesurquhart),(michaelwilde),(mjasay),(monkchips),(randybias),(rjurney),(tensigma),(wattersjames)}
bowbrick	{(smartin)}
bradclow	{(DamonOehlman)}
bradfordcross	{(CMastication),(DataJunkie),(LusciousPear),(alexott_en),(cemerick),(cloudera),(dysinger),(febeling),(fogus),(liebke),(ogrisel),(peteskomoroch),(ravi_mohan),(semanticvoid),(stuartsierra),(xefyr)}
bradheintz	{(Mallioch),(alexboly),(gravitymonkey),(headius)}
bradpiercephd	{(ocoudert)}
brady	{(kevinweil),(kiwitobes)}
brainopera	{(echoz)}
brendan642	{(peteskomoroch)}
brendengrace	{(rduplain)}
brenes	{(Kilian),(pfcdgayo)}
brettbobley	{(rdhyee)}
breun	{(p3t0r)}
briancollins	{(cloudera)}
briannoguchi	{(igrigorik)}
briansawyer	{(joesmorgan)}
brianshaler	{(starria)}
brimurph	{(n8bowen)}
brockpalen	{(laforgetm)}
brondsem	{(jdfrens)}
brucesnyder	{(monkchips)}
bsletten	{(danbri)}
bud_caddell	{(hornOKplease)}
budtheteacher	{(lesliemaniotes)}
buildingsystem	{(ijustinj)}
buo1653	{(u1)}
bwhitman	{(tlipcon)}
bwishan	{(reinvigorate)}
bytebot	{(mashraqi)}
c0decracker	{(esammer)}
c0t0d0s0	{(isotopp)}
c_mex	{(klimpong)}
cafewill	{(gaiaville)}
caffeinebomb	{(daveisanidiot)}
cahaikes	{(monkchips)}
calandrake	{(franciscomesa)}
calavera	{(jplana)}
callistoiv	{(windows7_nanami)}
cametan_001	{(kaorin_linux)}
campbellmichael	{(bbuck153)}
cansar	{(strlen)}
capotej	{(kevinweil)}
car4dave	{(scodal)}
carismarie	{(brianpeppler)}
carlcarrie	{(edyavno)}
carllerche	{(ezmobius)}
cbisciglia	{(JoeFernandez)}
cbowns	{(zacwhite)}
ccgillett	{(EventCloudPro),(danmil),(dcancel),(eliast),(esammer),(mikeolson),(otrajman),(parulia),(stuartsierra)}
ccomb	{(ogrisel)}
cdixon	{(fromedome)}
cdonahue	{(infochimps)}
ceekz	{(presri)}
cemerick	{(bradfordcross),(xefyr)}
cestpasdur	{(gdarmont)}
cfinke	{(derekspringer)}
cgrantski	{(jacqueswarren)}
cgul	{(kevinweil)}
chad_walters	{(cloudera)}
chaeso	{(gilbok)}
chanezon	{(sean_lynch)}
chanshik	{(javadance)}
chapmoni	{(jonnyroadley)}
charlesnw	{(kweiner)}
cheapmobilesuk	{(TwitdomUpdates)}
checkyourfuel	{(infochimps)}
cheeky_geeky	{(furukama)}
chendo	{(bjango)}
chingshen	{(shinpei_ohtani),(tzangms)}
chkal	{(mwessendorf)}
chl	{(ogrisel)}
chnt2010	{(Agile_Cat)}
choas	{(stuartsierra)}
chocgiraffe	{(Ppoul)}
chpapa	{(XMLSDK),(leonho),(moming2k),(wanszezit)}
chrisco	{(heroku)}
chriscurtin	{(KentBeck),(botchagalupe),(jhaynie),(markkobe),(pfreet)}
chriseidhof	{(mwessendorf)}
chrisgrayson	{(hornOKplease)}
chrislea	{(lenn0x)}
chrisrbailey	{(robhudson)}
chrisrueger	{(keimlink)}
christkv	{(stkaes)}
christofd	{(michael_nielsen)}
christopherhuff	{(infoarbitrage)}
cinelli_nero	{(palantir777)}
ciurana	{(DZone),(dhonig),(mikeolson)}
cizer	{(realitydistort)}
cjp	{(openfly)}
ckadam	{(krudin)}
ckhill	{(hayesdavis)}
cks	{(mirven)}
clarkware	{(mojombo)}
clehene	{(al3xandru),(infoecho),(tobiassvn)}
clemesha	{(parand),(scalar)}
clinek	{(gabvirtualworld)}
cloudbzz	{(botchagalupe)}
cloudcel	{(BigDataNews),(lintool),(otrajman),(tonybain)}
cloudera	{(Johannhartmann),(bnewport),(cwire4),(efic1),(elicollins),(hackingdata),(hortovanyi),(katiefehren),(kevinweil),(schain),(scottyallen),(sethladd),(sstrudeau),(tlockney),(weststar42)}
cloudguru	{(hiveat55)}
cloudify	{(cloudera)}
clynetic	{(hmason),(veshi)}
cmdln	{(xinit)}
cmoreno77	{(dshimy)}
coda	{(moonpolysoft)}
codeimpossible	{(digitalBush)}
codemariner	{(railsenvy)}
codemonkeyism	{(andrewmccall),(bantai),(solarce),(stilkov)}
codypo	{(mrflip),(ryangrubbs)}
cognizr	{(deliprao),(infochimps)}
colmuska	{(kurekure_kun)}
colovirt	{(botchagalupe)}
combacsa	{(silente0)}
communicating	{(DataJunkie),(arjunram),(infochimps),(kendall),(marshallk),(mathieuen)}
complex	{(skreuzer)}
con_mame	{(techblogyahoo)}
conikeec	{(JonGretar),(LusciousPear),(awadallah),(bradfordcross),(harper),(igrigorik),(peteskomoroch),(tlipcon),(wefollow)}
conversioncons	{(nickjmarriott1)}
cooldaemon	{(jj1bdx)}
coreyleong	{(jgehlbach)}
coryaltheide	{(adamjodonnell)}
courtstarr	{(kimsterv)}
covati	{(gavinbaker)}
cpiatko	{(finegameofnil)}
cpinto	{(minimalistic),(mvalente)}
cqa02303	{(muddydixon)}
craig_macdonald	{(ian_soboroff)}
craigkerstiens	{(defrag)}
craigmorgan	{(gruber)}
craigwebster	{(CouchDB)}
crazyaboutliv	{(xamat)}
crazybillyz	{(softlayer)}
criccomini	{(fourbitsdotcom)}
crodas	{(felipernb),(hofmanndavid),(mitchitized),(ralsina),(sh1mmer)}
ctorgan	{(LaBlogga)}
cwensel	{(DataJunkie),(billynewport),(botchagalupe),(bradfordcross),(childjc),(ctennis),(midnightcoder),(ogrisel),(xefyr)}
cwetherbee	{(mccreavy)}
cwhogg	{(kevinmd)}
cwire4	{(cloudera)}
cwoodruff	{(averyj)}
cyc_ai	{(infochimps)}
cyno	{(OurielOhayon)}
d_starr	{(ph0kin)}
da_robe	{(hadoop)}
dacort	{(ShlomoSwidler),(mrflip)}
dadicool	{(bigdata),(rafik)}
daiba	{(masuidrive)}
daijy	{(seanmont)}
dajobe	{(ysaw)}
daksis	{(obie)}
damiendonnelly	{(rww)}
damienstevens	{(cloudgroup)}
damon	{(banksean),(dacort),(mrflip)}
danbri	{(hackingdata)}
danentin	{(mcohen74)}
danfairs	{(drsm79)}
danielfree	{(jeffz_cn)}
danielglauser	{(bsletten),(matthewmccull)}
danielraffel	{(deprimer)}
dansickles	{(NathanTFreeman)}
dany1468	{(miccweb)}
darachennis	{(EventCloudPro)}
darkhelmetlive	{(mm53bar)}
darthtrevino	{(xefyr)}
dataapplied	{(Hewlettb)}
datameer	{(CurtMonash),(dushyanth),(msk_y),(rjurney)}
dataplex	{(eschipul)}
dataspora	{(dpatil),(i2pi),(peteskomoroch),(saurabhnanda)}
davekarpf	{(pascal)}
davemcclure	{(hackingdata)}
daveofdoom	{(susanwu)}
daveselinger	{(jonathanmendez)}
davidbgk	{(osdcfr)}
davidgiesberg	{(infochimps)}
davidgreco	{(esammer)}
davidhstannard	{(znmeb)}
davidsheardown	{(Scobleizer)}
dbalatero	{(gsingers)}
dbasch	{(rosendeh)}
dbmoore	{(CurtMonash),(merv),(nenshad),(theitskeptic)}
dcancel	{(ccgillett)}
dcbriccetti	{(eissonnie)}
dcolish	{(sheeri)}
dcouvering	{(mikeolson)}
ddeepak4u	{(anup_99)}
ddej	{(map_maker)}
deanwampler	{(lisacrispin)}
debasishg	{(bradfordcross),(dnene),(glaforge),(jeppec),(justinsheehy),(sbtourist)}
deepfoo	{(drewconway)}
deepwatrcreatur	{(hmason)}
defunkt	{(MikeG1),(peterc)}
dehora	{(dnene),(ikarzali),(mastermark)}
deinspanjer	{(infochimps),(johnolilly)}
delagoya	{(steveeichert)}
delbius	{(truebethegreat)}
deliprao	{(DataJunkie),(awscloud),(cognizr),(lintool),(mrflip)}
dennishafley	{(weckerson)}
dentomo	{(inao),(ryu_kobayashi),(shot6)}
deprimer	{(danielraffel)}
derekbrown7	{(acmurthy),(esammer)}
derekg	{(kevinweil),(xclricky)}
derekwillis	{(lucasjosh)}
derik66	{(krishnan)}
derrinyet	{(infochimps)}
devBaphomet	{(dev_gatch)}
devadvocate	{(TomOwens)}
dfranke	{(tsally)}
dhinojosa	{(matthewmccull)}
dhonig	{(ciurana)}
digash	{(nathanmarz)}
digitalfemme	{(timoreilly)}
digitim	{(fingirl)}
dims	{(roonoid)}
dinoamaral	{(luticm)}
dipankarsarkar	{(simplyarun)}
dirs	{(bigodines),(fabiogiolito)}
disclojure	{(LauJensen)}
divijvaidya	{(r15habh)}
djacap	{(cloudera)}
djbender	{(rlankin)}
djdonnell	{(diminish7),(headius)}
djspiewak	{(michaelg),(toluju)}
dkastner	{(bdimcheff)}
dlwh	{(berghausen)}
dm_the_company	{(martinzoldano)}
dmarsh	{(JayRWren),(codeslinger),(gilesgoatboy)}
dmcclure	{(botchagalupe)}
dminer	{(parkto)}
dmitriid	{(mworrell)}
dmp	{(nnr)}
dneighbors	{(chuckreynolds)}
dnene	{(codemonkeyism)}
dnhub	{(isshiki)}
dnm54	{(marshallk)}
dnyou	{(phploveme)}
do_daisuke	{(matetsu)}
docwho76	{(MarkZabala),(charlesnw)}
dolonjo	{(_kou_)}
donalddotfarmer	{(williammcknight)}
doncarlo	{(alkalineearth),(mrflip),(ryanqnorth)}
dongwang	{(gersei)}
donohoe	{(derekg)}
donpdonp	{(StevenWalling)}
donthorson	{(PaulSweeney)}
dpalmisano	{(tommasoteofili)}
drewconway	{(DataJunkie),(gutelius),(jakehofman)}
drewfarris	{(aaroncordova),(peteskomoroch)}
drosen	{(DataJunkie)}
drsm79	{(danfairs),(jim_brooke),(mattycurry),(pszczypka)}
dshimy	{(kdpeterson)}
dswan113	{(infochimps)}
ducban	{(TanNg)}
dukethug	{(hackingdata)}
dunkelstern	{(macode)}
durana	{(btomasette)}
durin42	{(schwa)}
duydo	{(James_Rubino)}
dwf	{(durin42)}
dwhsix	{(adpowers),(esammer)}
dybvandal	{(klimpong)}
dyeanddye135	{(siritori)}
dylanw	{(pat_ramsey)}
dysinger	{(BadCaseOfDaWins),(LusciousPear),(bradfordcross),(cwensel),(david_a_black),(dizzyco),(elight),(garthk),(grantmichaels),(gregoryg),(johans),(wagerlabs)}
eachus	{(PatrickTulskie)}
ealdent	{(infochimps)}
easement	{(tobyjoe)}
ebwolf	{(danlyke)}
echo_khannedy	{(panggi)}
edavis10	{(gilesgoatboy)}
edbizarro	{(metalrufflez)}
eddieyoon	{(Haha_Dad),(achimnol),(pinebanana)}
editchick	{(CheriSigmon),(FireScope),(svcotton)}
edsu	{(blefurgy)}
edsykes	{(jezhiggins)}
eduo	{(alexvega),(infochimp),(infochimps)}
edward_ribeiro	{(boblozano),(joestump),(spyced),(tlipcon)}
edyavno	{(carlcarrie),(jcposner)}
eegilbert	{(redlog)}
eelco	{(tux_rocker)}
efic1	{(cloudera)}
efranconi	{(alisohani)}
egonwillighagen	{(mndoci),(yokofakun)}
ehofer	{(drchuck)}
eiichirouchiumi	{(hnamekawa)}
eissonnie	{(jandersen)}
ekampf	{(drorengel),(eladmeidar),(shachart),(yosit)}
ekolsky	{(defrag)}
elgreg	{(Xeus)}
eliast	{(danmil),(kendall),(mallipeddi),(olemartin),(peteskomoroch),(tlipcon)}
elight	{(dysinger)}
elliottng	{(timoreilly)}
elmuertecom	{(BobGneu)}
elwaywitvac	{(joshdi)}
elwoodicious	{(kdaigle)}
emasha	{(shita)}
emerydavid	{(stephenodonnell)}
emilcardell	{(matthawley)}
emmacarew	{(bgervais)}
emmaguy	{(jamesbmarshall)}
emp	{(infochimps)}
enarsson	{(kevsmith)}
endamadden	{(jdrumgoole)}
entangledstate	{(driveby33)}
eonnen	{(dysinger)}
eordano	{(scoffey)}
epriyadi	{(fosdem)}
ericalexander	{(iamashok)}
ericdmoore	{(minenet)}
erickd	{(danlev)}
erikrozendaal	{(basking2)}
eriwen	{(jaredrichardson)}
esammer	{(CMastication),(LusciousPear),(TiredFairy),(bennettandrews),(ccgillett),(craig_macdonald),(davidgreco),(derekbrown7),(dwhsix),(mrflip),(nielsmeer),(otrajman),(peteskomoroch),(phuff),(r15habh),(rich_hutton),(shift9),(stigsb)}
esteban	{(magoghm),(mancha)}
esteve	{(jasonjwwilliams)}
eugeneiiim	{(mndoci)}
eugmandel	{(badxmaru)}
evankuo	{(jingsong)}
everyevery	{(powermugk)}
ewhauser	{(mjasay)}
ewhims	{(bobbo717)}
extantproject	{(meekohi)}
extelligence0	{(tarox)}
f1seo	{(jbrooksuk)}
f_lombardo	{(CouchDB)}
fabricio_lemos	{(joellobo)}
falicon	{(lmai)}
fallenprogrammr	{(douglasp)}
fasteddy760	{(techunits)}
faust45	{(CouchDB)}
fauzg	{(stephenfry)}
fbahr	{(ViRAms)}
febeling	{(stuartsierra)}
felipernb	{(crodas),(mauriciojr)}
fernando_takai	{(edbizarro)}
feziegler	{(candice1977),(infochimps)}
fh	{(janl)}
fhide	{(silicon_valley7)}
fidelstar	{(n_yana)}
finalfusion	{(DrFaust)}
finegameofnil	{(be_b),(chrisbaglieri)}
fiqus	{(miss_glitch)}
firmanmisme	{(ronaldwidha)}
fj_	{(y10n)}
flight0001	{(cmilesbaker)}
flipflopsnrice	{(MartindeWitte)}
floleibert	{(Karmasphere),(aguynamedben),(mnshah)}
flowingdata	{(AntoineTwitts),(infochimps)}
flowolf	{(rene_kapusta)}
fm021	{(haruyosi)}
fogonwater	{(Aethylred)}
forest520	{(powerwu),(saintstack),(x86brandon)}
frabcus	{(markng)}
francip	{(timoreilly)}
francoisL	{(infochimps)}
frank06	{(justinsheehy)}
freeformz	{(randybias),(tmornini)}
freemicronews	{(toodolist)}
freenerd	{(hackcamp)}
freshtonic	{(auxesis)}
fritzek	{(ischroedi)}
frogpond	{(rawn)}
frsyuki	{(kimtea),(ryo_grid)}
frumpa	{(jadegutis),(rbieber)}
fujibee	{(Agile_Cat),(Nakada_itpro),(afujii),(iwkn),(kumagi),(kzk_mover),(marblejenka),(negipo),(okachimachiorz),(ryu_kobayashi),(shot6),(shudo),(tokyomidtown)}
funa_501	{(techblogyahoo)}
funkatron	{(DragonBe)}
funkymarkus	{(Ensanguin)}
furrier	{(ronrasmussen)}
futonchoco	{(kazunori_279)}
futurescape	{(wimrampen)}
fxme	{(sirdsoriano)}
fxposter	{(salikhov)}
g000001	{(making)}
gabehabe	{(MayContainMetal)}
gabrielebozzi	{(patrickdebois)}
gabvirtualworld	{(vRobM)}
gagcartoons	{(infochimps)}
gaiaville	{(opensearch)}
galumay	{(JonoH)}
gammaray123	{(techblogyahoo)}
gantner	{(aztecmonkey)}
garethdjames	{(kennethpbowen)}
garethr	{(RossC0),(intranation),(neiljlock),(robertlofthouse)}
gawel_	{(osdcfr)}
gbboy	{(_jm)}
gblnetwkr	{(botchagalupe),(kmullins)}
gbraad	{(ashcrow)}
gdarmont	{(cestpasdur)}
gebersole	{(voutilad)}
geekaryan	{(Blogsdna)}
geekyethan	{(kevinweil)}
gemstonesystems	{(tamassimon)}
genebecker	{(Risto)}
genechuang	{(lucasjosh),(spullara)}
geoffeg	{(pjhyett)}
germoglio	{(mauriciojr)}
gianlucaSB	{(intel_chris)}
giladby	{(ekampf)}
gilbok	{(chaeso)}
gilliss	{(infochimps)}
gingi0	{(ShlomoSwidler),(chrisbaglieri),(peteskomoroch)}
girltuesday	{(ChrisDiehl)}
github	{(fields),(jackowayed),(paulingham),(pda)}
givemeascream	{(xamat)}
gkob	{(sclopit)}
gkrishnan	{(abhinandkr)}
gleicon	{(tlipcon)}
glenrabie	{(andrea_gioia),(josvandongen)}
glouppe	{(thoefler)}
gmiritello	{(xamat)}
gnawux	{(forest520)}
gnestor	{(infochimps)}
golbeck	{(lintool)}
gracerodriguez	{(inspired12)}
grantmichaels	{(JeffClark),(mrflip)}
graulund	{(aegirthor)}
grauwulf	{(spelchec)}
green_wind	{(syou6162)}
gregoryhills	{(infoarbitrage)}
gremblor	{(tv)}
greylurk	{(darkuncle)}
gridsolutions	{(tlipcon)}
grigs	{(infochimps)}
groovers	{(dtw1995)}
groovetini	{(LusciousPear)}
grosshat	{(furilo)}
gsfak	{(dimle)}
gsingers	{(apiplani),(bigodines),(dbalatero),(nealrichter)}
gsnedders	{(Skyzyx)}
gspettel	{(kevsmith)}
guermonprez	{(joebeone)}
gugat	{(jajub)}
guilespi	{(alvrod)}
gundam_Mk2	{(yusukei)}
gutelius	{(drewconway)}
guy	{(arikfr),(yosit)}
guyro	{(Beaker)}
gwenshap	{(DrQz)}
haandol	{(AI_Robotics)}
hackathorn	{(donalddotfarmer),(weckerson)}
hackingdata	{(DavidJPoole),(HenryR),(XtremeData),(cutting),(dbmoore),(jameskobielus),(jordansissel),(mnshah),(paulsalazar),(pbrane),(peteskomoroch),(rckenned),(spooksandgeeks),(tensigma)}
haewoon	{(kimws)}
hamasyou	{(m_pixy)}
hamazy	{(kzk_mover)}
hamiltonulmer	{(semanticvoid),(sudara)}
hammer_ham	{(bangnew)}
hanekomu	{(miyagawa)}
hannescarlmeyer	{(MaineC),(andreisavu),(flowingdata),(peteskomoroch)}
harper	{(atkinsm)}
harrisj	{(myoung),(timoreilly)}
hashopensource	{(hashopensource)}
hashubuntu	{(keithsthomas)}
hayesdavis	{(infochimps),(mrflip)}
haykinson	{(peteskomoroch)}
heisenthought	{(longcreative)}
hengdm	{(yangzhe1990)}
hfakhry	{(Rana_Asaad)}
hide69oz	{(shin1ohno)}
higayasuo	{(kis)}
hikaruhorie	{(neko_machi)}
hillbig	{(preferred_jp)}
himadripant	{(TheASF)}
himamura	{(okachimachiorz)}
hiphapis	{(phploveme)}
hirano_2475	{(yutuki_r)}
hirocell	{(Ohsugi)}
hirohanin	{(squarecog)}
hirose31	{(inao)}
hitching	{(google)}
hiuchida	{(lalha)}
hkokko	{(hoopeekoo)}
hkolk	{(soplakanets)}
hlship	{(matthewmccull)}
hmlwh	{(phploveme)}
hochidsp	{(k8em0)}
holmic	{(zahardzhan)}
hongiiv	{(phploveme)}
hornbeck	{(BlueBoxTraveler),(afugate),(dysinger)}
hortovanyi	{(renailemay)}
hpcprogrammer	{(madduri)}
hrmgnd	{(techblogyahoo)}
hrsh7th	{(koujirou)}
htomoya	{(satoruf)}
hue1120	{(DataJunkie)}
husseymichael	{(steve_macdonald)}
hutuworm	{(Fenng)}
huyhong	{(kyleford)}
hwaara	{(giuliettamasina)}
hyoshiok	{(Nakada_itpro)}
i_daisuke	{(groovers)}
iafdcom	{(sfexplosive)}
iamclovin	{(winstonyw)}
iamdanw	{(infochimps)}
iamdietrich	{(LusciousPear),(strlen)}
iamsidd	{(mallipeddi)}
ian_soboroff	{(craig_macdonald),(otisg)}
ianhf	{(LusciousPear)}
iankennedy	{(chaddickerson)}
ianwaring	{(mpyeager)}
ibz	{(filipcte)}
icerocket	{(aroxo)}
ichimura_vl0c0l	{(n3104)}
ichiro_satoh	{(Nakada_itpro),(kazunori_279)}
ichverstehe	{(rtomayko)}
iconara	{(andefred)}
ideamonk	{(yuvipanda)}
idefine	{(Hwaet),(LusciousPear),(cloudera),(jmathai),(kevinweil),(lintool)}
igrigorik	{(awadallah),(egze),(nealrichter)}
ikai	{(alejandrocrosa),(dickwall)}
ikarzali	{(sbtourist)}
ikeike443	{(techblogyahoo)}
ikm	{(junkudo_ike_pc)}
imoriya	{(masayh)}
importantshock	{(chanjuang)}
imyousuf	{(rajputro)}
infoarbitrage	{(andrewdeandrade)}
infochimps	{(The_Javelina),(brianthecoder),(dataspora),(dhruvbansal),(infochimps),(lenbust),(tectonic),(walshmichael)}
infynyxx	{(prasannagautam)}
ingcarlos	{(nobmann88)}
insightspedia	{(ruv)}
inspired12	{(gracerodriguez),(infochimps)}
intellicubes	{(infochimps)}
inuwarumono	{(novamontien)}
invisiblejules	{(mndoci)}
iron9light	{(mtnygard)}
isitaboat	{(Microsoft_Gov)}
iskata	{(mr_edokko)}
istweetingcool	{(neil_conway)}
itawasa	{(ys3)}
itwasntandy	{(tcurdt)}
itworks	{(mikeferguson1)}
ivanassen	{(LusciousPear)}
ivey	{(ardell),(controladdict)}
ixothym	{(cloudera)}
izendejas	{(DataJunkie),(derekspringer),(semanticvoid)}
izuzak	{(ChrisMBarr),(RyanPeterson),(ZachariahKral),(randyjensen)}
j2labs	{(leahculver)}
j_kinjou	{(j_kinjou)}
jaapgorjup	{(truthtrap)}
jablair	{(posix4e)}
jacerdeira	{(kintoandar)}
jacintos	{(garethr)}
jackbarakat	{(amyanxiety)}
jackholt	{(shoesonwrong)}
jaggeree	{(steve4good)}
jaithemon	{(rashmi)}
jakedouglas	{(jamesgolick)}
jakehofman	{(ChrisDiehl),(DataJunkie),(drosen),(kellan),(leejb),(xamat)}
jakekorab	{(glaforge)}
jakerorg	{(aquative)}
jamescham	{(startup2startup)}
jameskobielus	{(EventCloudPro),(ccgillett),(lmacvittie)}
jamesurquhart	{(krishnan)}
jamiew	{(mrflip)}
jamis	{(nogoth)}
jandot	{(jaredtsimpson),(mndoci)}
janl	{(reinoutvanrees)}
jaredlander	{(CMastication),(drewconway)}
jaredrichardson	{(eriwen)}
jarroddungan	{(timoreilly)}
jasoncwarner	{(bjd145)}
jasonjwwilliams	{(esteve)}
jasonrutherglen	{(otisg)}
jatorre	{(joaquindiez)}
javaboom	{(prasert)}
javadance	{(chanshik)}
javalife	{(kevinweil)}
javatotto	{(cloudbzz)}
jaxzin	{(metcalfc)}
jaysonfalkner	{(mndoci)}
jazz2midnight	{(robinmckinley)}
jbminn	{(defrag)}
jchris	{(DanInSanJose),(ashafa),(avi4now),(binary42),(doppler),(dysinger),(hardfiles),(jamis),(kamal),(pixelcort),(rcoder),(rgaidot),(sfalcon),(tlockney)}
jclouds	{(bradfordcross)}
jcoronella	{(awscloud),(mikeolson)}
jcsalterego	{(dacort),(mrflip)}
jdar	{(eyeseast)}
jdcryans	{(wadearnold)}
jdersh	{(leningali)}
jdhok	{(thequark)}
jdrumgoole	{(endamadden)}
jdub	{(stilgherrian)}
jeantessier	{(nickdella)}
jeffbarr	{(arunxjacob)}
jeffcd	{(twls)}
jeffhorrocks	{(TylerCoffin)}
jenn_lee_ca	{(MarkCunningham)}
jeppec	{(sbtourist)}
jeremybowers	{(harrisj)}
jeremyday	{(peterurban)}
jeremydurham	{(reedsturtevant)}
jerepick	{(jny2)}
jeromatron	{(esammer),(stuhood)}
jessecrouch	{(TheJenATX),(brizzly),(davidgiesberg)}
jessekanner	{(cbtacy)}
jessesanford	{(DirkSunValley)}
jessicathrasher	{(IdentityWoman)}
jessverr	{(evan)}
jfdm	{(angusmacdonald)}
jfluhmann	{(mrflip)}
jherber	{(ikarzali),(noradio)}
jhorsley	{(tobymoore)}
jifa	{(Efratk)}
jimbojsb	{(youtube)}
jimdowning	{(lescarr)}
jimsu	{(esammer)}
jingsong	{(evankuo)}
jitendra_	{(infynyxx)}
jkanni	{(rnella01)}
jkfzero	{(Fenng)}
jlongtine	{(joestump)}
jlroyalty	{(sstrudeau)}
jmelesky	{(SharonG)}
jmhodges	{(BlueBoxTraveler),(kevinweil),(marksands),(ryanobjc),(sprsquish),(technomancy)}
jmoisesreyes	{(baleksan)}
jmproffitt	{(jdcoffman)}
jmstriegel	{(larsgeorge),(majones1973)}
jmwphoto	{(mashable)}
jnewland	{(wbruce)}
jnicho02	{(aral)}
jniino	{(kazunori_279),(kurikiyo)}
jny2	{(sammthomson)}
joa	{(schloessersjung)}
joa23	{(cwensel)}
joaop	{(ssn)}
joaquindiez	{(jatorre)}
joblogs83	{(Cranialstrain)}
joeharris76	{(mattcasters)}
joesuf	{(cutting)}
john_avery	{(EventCloudPro),(bevelson),(carterpage),(darachennis),(stephennimmo),(tibbetts)}
johnclaus	{(chrisbaglieri)}
johncmunoz	{(infochimps)}
johnconroy	{(mrflip)}
johnkuo	{(zzztimbo)}
johnmgannon	{(cdixon)}
johnprendergast	{(mikeolson)}
johnwelshphd	{(Desamus1)}
johnwohn	{(mrflip)}
jojoAtHanawa	{(shinji0000jp)}
jolbrich	{(dirkkirsten),(skliche)}
jonathan_oliver	{(justinsheehy)}
jonathonwatney	{(pjhyett)}
jondeandres	{(murciego)}
jongabriel	{(kevinmarks)}
joopbie	{(kookii)}
jordansissel	{(FunnelFiasco),(blueben),(hackingdata),(tlipcon)}
jordimirobruix	{(anibal)}
jorgecarabias	{(acorsinl)}
jorgeortiz85	{(ikai),(michaelg)}
josech	{(KBrown)}
josek_net	{(sowe),(tumbukta),(yaiza)}
josephkelly	{(dannysullivan),(ericshull),(mikearsenault)}
joshcoffman	{(ayende)}
joshdevins	{(ddossot),(florind)}
joshdilworth	{(gigastacey),(marshallk),(therealadam)}
joshdsullivan	{(aaroncordova)}
joshuabaer	{(infochimps),(subelsky)}
jot	{(MarkABaker)}
jpatanooga	{(MentalEffluvium),(boorad),(esammer),(hackingdata),(jeffaltman),(lhillenbrand),(lintool),(otrajman),(singhgurjeet),(ssuri),(tensigma),(timoreilly),(xefyr)}
jpaulolins	{(pcalcado)}
jpb0104	{(botchagalupe)}
jpkml	{(hadoop)}
jplazaarguello	{(llanchi)}
jplock	{(natefoo)}
jpmarcum	{(infochimps)}
jrideout	{(eriwen)}
jsloand	{(eliast)}
jstanforth	{(carldunham)}
jswanhart	{(jcannonb),(joeharris76),(josvandongen)}
jtoft	{(bcurren)}
jtuberville	{(GaryRudolph)}
juansequeda	{(mirven)}
jubos	{(derekspringer),(jacobburch)}
juddwheeler	{(mattgalloway)}
julikt	{(defunkt)}
junya100	{(imatakutin)}
juokaz	{(joedevon)}
just_do_neet	{(kohei_april20),(waysaku)}
justinddunlap	{(dennisyu)}
justingsouter	{(simongdavies)}
justinkistner	{(marshallk)}
justinsheehy	{(al3xandru),(bluehavana),(bradfordcross),(frank06)}
jwelshiv	{(kbuffington)}
jwfbean	{(cloudera)}
jwtodd	{(moonpolysoft)}
k776	{(github)}
ka_neo	{(kaharada)}
kad	{(josech)}
kaeser79	{(crodas)}
kaiyzen	{(originalkj)}
kamemoge	{(pontuyo)}
kamipo	{(sasata299)}
kana1	{(yoppiblog)}
kangfoo2	{(clofresh)}
kannokazuhiko	{(miwazajemimah)}
kantrn	{(jsteeleeditor)}
kapilmohan	{(sriprasanna)}
kaplanfx	{(kimsterv)}
karenlilla	{(glynmoody)}
karllong	{(t)}
karmali	{(karmali),(mndoci),(paulretherford)}
karmiq	{(charleshooper),(godfoca)}
kashi_pong	{(sla)}
katemats	{(jgrayla)}
katzchang	{(yamasan007),(ytsuboi)}
katzj	{(base10)}
kawaguti	{(fujibee)}
kawaiti	{(kzk_mover)}
kazuhiro_kazama	{(mamoruk)}
kazunori_279	{(ichiro_satoh),(jniino),(kuenishi),(ryu_kobayashi),(shot6)}
kazz12211	{(nuky2009)}
kbateman	{(seancribbs)}
kbuffington	{(jwelshiv)}
kchodorow	{(brandon_rhodes)}
kcm	{(igrigorik),(jdcryans)}
kcpike	{(jacobonline)}
keehun	{(github)}
keihigu	{(watabou)}
keimlink	{(Pe_D),(feuervogel83)}
keisuke_n	{(kis)}
keithsthomas	{(alisohani)}
kellan	{(rcrowley)}
kenahoo	{(CMastication)}
kencamp	{(rizzn)}
kendall	{(TedC),(ericneumann),(frankolken),(psnively)}
kendrak	{(adr)}
kenguie	{(scottlabbott)}
kenji_rikitake	{(voluntas)}
kennethpbowen	{(freejoe76)}
kenqyu	{(velocityconf)}
kentbrew	{(infochimps)}
kentindell	{(dgiffin)}
kenu	{(fharenheit)}
kerberus13	{(nenshad)}
ketszeri	{(benjamin_hu)}
kevinfoote	{(nkirsch)}
kevingashley	{(msarahwickham)}
kevinmarks	{(erickschonfeld),(skrenta)}
kevinnuckolls	{(olabini)}
kevinseattle	{(Werner)}
kevinweil	{(LusciousPear),(RyanBalfanz),(WiredBarn),(alanfgates),(chaddickerson),(cloudera),(cmunezero),(jakehofman),(jericevans),(jessverr),(jmhodges),(jpatanooga),(kevsmith),(klbostee),(lenn0x),(lintool),(mikeolson),(moonpolysoft),(nathanmarz),(nicktj),(niels),(stevej),(tensigma),(tlipcon),(xefyr)}
kevmarl	{(CleaSan)}
kevsmith	{(aslak_hellesoy),(botanicus),(dmitriid),(kevinweil),(moonpolysoft),(stkaes),(voodootikigod)}
key3	{(masahif)}
kiboku	{(rakuten_tech)}
kidehen	{(olyerickson)}
kimchy	{(andreisavu),(kedartal)}
kimmobj	{(vonsydow)}
kimsokju	{(channyun)}
kimtea	{(mochawan),(okachimachiorz),(quitada)}
kinnon	{(joemanafo)}
kiritter	{(shokiri)}
kis	{(cohtan),(frsyuki),(keisuke_n),(kzk_mover),(masuidrive),(mitim),(osacaz4),(saishu),(shot6)}
kitora_naoki	{(mitoma_ryo)}
kkakinuma	{(Agile_Cat)}
kkawamura	{(shot6)}
kkrugler	{(LusciousPear),(xefyr)}
klakegg	{(dagur)}
klbostee	{(jxu),(peteskomoroch),(skr),(toluju)}
klenert	{(tlipcon)}
klimpong	{(MaineC)}
kluivers	{(dirkdk)}
kmerritt	{(vchalana)}
kmullins	{(cote),(gblnetwkr)}
kmuroi	{(ysaotome)}
knsmr	{(t_wada)}
ko1fuji	{(owen_omalley)}
kob42kob	{(magicaltrout)}
kodamashi	{(shinodogg)}
kognitio	{(bitterer)}
kojinaka	{(rinmon)}
konarkmodi	{(dpmohali),(piykumar)}
kopertop	{(TheAnimator)}
kordless	{(bgyger)}
kovacs	{(LusciousPear)}
kovyrin	{(cloudera)}
koyhoge	{(takoratta)}
kprentiss	{(jimgroom),(russeltarr)}
krasivy	{(infochimps)}
krishnamoorthy	{(mattcutts)}
krishnan	{(JAdP),(defrag)}
krispyjala	{(parand)}
kristofd	{(mariuswatz)}
kristtina	{(infochimps),(mathieubastian),(melly_g)}
krudin	{(nenshad)}
krzycube	{(Fenng)}
kscaldef	{(CanSpice)}
kshashi	{(arjunram)}
kshep	{(stevegillmor)}
kt_kyoto	{(junkudo_stock)}
ktlacaelel	{(Ocap68)}
ku_suke	{(kyuns),(sumihiro)}
kuenishi	{(shot6),(yssk22)}
kulbirsaini	{(kinshul_v)}
kumagi	{(okachimachiorz)}
kurobara	{(9renpoto)}
kurokikaze	{(dahankzter)}
kuztavito	{(_denk)}
kweiner	{(charlesnw),(lawouach),(mdkail),(reinvigorate)}
kyleford	{(huyhong)}
kyleisaacs	{(mikeyk)}
kyleopeterson	{(flowingdata)}
kzk_mover	{(Guutara),(shun0102),(yamaz)}
l0nwlf	{(miniorb),(slideshare)}
l0r3zz	{(bigdataworkshop)}
l404	{(guao)}
laforgetm	{(brockpalen)}
lalitkumar	{(awadallah)}
lammiia	{(naglarzk)}
lancefisher	{(BigstickCarpet)}
landir	{(otaviosimoes)}
langonej	{(wattersjames)}
lant	{(gsoldevila)}
laribee	{(robconery)}
larsgeorge	{(ziromr)}
laufzeit	{(steveeichert)}
lawouach	{(tarek_ziade)}
ldipenti	{(gastonramos)}
ldodds	{(infochimps)}
learnivore	{(olabini)}
leeblaylock	{(infochimps)}
leifwalsh	{(hsarvell)}
lenbust	{(infochimps),(notquiteabba),(tom_e_white)}
lenn0x	{(BlueBoxTraveler),(emiller),(tlipcon)}
leonardopinto	{(gutomcosta)}
lesmothian	{(llamallama)}
lesniewski	{(neil_conway)}
lhillenbrand	{(drenz),(esammer)}
libreq	{(chihirow)}
liebke	{(bradfordcross)}
lin_ks	{(snkken)}
lindvall	{(mloughran)}
lintool	{(SethGrimes),(craig_macdonald),(deliprao),(hackingdata),(haikuman),(idefine),(jakehofman),(jpatanooga),(kevinweil),(numbercrunching),(owen_omalley),(peteskomoroch),(redpony)}
liorsion	{(yosit)}
litaocheng	{(awadallah)}
livecipher	{(rjurney)}
ljarmin	{(erikeldridge)}
llimllib	{(infochimps)}
lmacvittie	{(valb00)}
lmai	{(JoeFernandez),(falicon)}
lnsoso	{(fire9)}
loggly	{(vRobM)}
logisthenewline	{(Tufts_Cmp150CPA)}
loogaroo	{(nkgl),(rgaidot)}
lookon	{(Fenng)}
lopta	{(kevinmatheny)}
lorennorman	{(skalnik)}
lowrobb	{(anima)}
lozzd	{(allspaw)}
lucagrulla	{(ziobrando)}
lucasbz	{(rafaelfuchs)}
lucasjosh	{(gilesgoatboy),(hackingdata),(kiwitobes),(mpanoff),(phaithful),(reidmix)}
luclatulippe	{(_boo)}
lukesilvia	{(sasata299)}
lukevenediger	{(mat_kelcey)}
luoli523	{(minzhou)}
lynxluna	{(exavolt)}
m1ke_wallace	{(drsm79)}
m8ttyb	{(jcerise)}
m_mouri	{(Agile_Cat),(enakai00),(fujibee),(m_mouri),(okachimachiorz),(shot6),(tatsuya6502),(yukotan)}
macbook	{(willow0jp)}
madd0	{(jbevain)}
madmongol	{(cloudera)}
madvirus	{(ctemplate)}
magurski	{(jasonhas)}
mahatabot	{(tatenosystem)}
mahmoudimus	{(cloudera),(lintool)}
makenai	{(elliottkember)}
makeplex	{(n_yana)}
makimoto	{(ryo_katsuma)}
making	{(garaemon),(horo)}
makotone	{(fstylekun),(gclue_akira),(tamotsu2010)}
mallipeddi	{(eliast),(iamclovin),(jmhodges)}
mamersfo	{(rmastenbroek)}
mamoruk	{(garmy),(taiichi84),(tettsyun)}
mancha	{(esteban)}
mandelbrot	{(infochimps)}
manikandakumar	{(shanmuganandhg)}
manishd	{(davenielsen),(jboutelle)}
manu3da4	{(ohtsuki)}
manyfun	{(arisohn)}
maokit	{(n_yana)}
marblejenka	{(ashigeru),(fujibee)}
marckboucher	{(cloudera)}
marcparry	{(striphas)}
marcusherou	{(cloudera)}
marcwan	{(charlieflint)}
marienborg	{(github)}
markgunnels	{(stuartsierra)}
markhawker	{(davidlmorris)}
markhneedham	{(pcalcado)}
markimbriaco	{(brentrowland),(nogoth)}
markjeffrey	{(RayS),(dviner)}
markmadsen	{(bitterer),(dmenninger),(hackathorn),(josvandongen),(julianhyde)}
markng	{(danudey),(ewantoo),(frabcus)}
markpeak	{(putchonguth)}
marksands	{(RyanBalfanz),(mint)}
markwbaur	{(drewconway)}
markwilmshurst	{(_helmer)}
marshall_law	{(emmanuelbernard)}
marshallk	{(juliaxgulia)}
martengustafson	{(frli01)}
martineno	{(adpowers)}
maruyama097	{(kibayos)}
masafumi_ohta	{(ibannieto)}
masahif	{(key3)}
masahif2	{(chocoii)}
masanork	{(ProfMatsuoka)}
mashraqi	{(bddemir)}
maslett	{(merv)}
masonhale	{(josh_wills)}
masudakz	{(m_mouri),(t_aldehyde)}
mat_kelcey	{(DataJunkie),(James_Rubino),(TheColonial),(alexdong),(justinfreitag),(lukevenediger)}
matabii	{(takao_nakagawa)}
matakeuchi	{(jimey)}
mateuszb	{(fromz)}
mathias_mongo	{(mattc58),(schmichael)}
matobat	{(shrkwh)}
matometter	{(sasata299)}
matsunobu	{(cloudera)}
matsuryu	{(ohsuga)}
matt_massie	{(cloudera),(erickerr),(rossdmochowski),(tlipcon)}
mattc58	{(brandon_rhodes)}
mattcodes	{(nathan_stott)}
mattcoolidge	{(bigdata)}
mattek	{(barbiche)}
mattellingsen	{(skkng)}
matthew_tracey	{(darrellpratt)}
matthewmccull	{(daveklein),(ejwinter),(pwiedel),(streetsofboston),(virtualandy)}
mattmireles	{(ckdarby)}
mattpodwysocki	{(chadmyers),(scottcreynolds)}
mattrepl	{(al3x),(cwensel),(dysinger),(finegameofnil),(stuartsierra),(wahalulu)}
mattstevens	{(stevedekorte)}
mattwaite	{(lucasjosh)}
mattwdelong	{(infochimps)}
matyjas	{(phobeo)}
maxinsamuel	{(viveknv)}
mayahjp	{(ReiOdaira)}
mazharhasan	{(matifq)}
mbenlaml	{(asiajanus)}
mbleigh	{(pjb3)}
mbrevoort	{(matthewmccull)}
mccv	{(xxthexjakexx)}
mcraptor	{(hadoop)}
mcrute	{(iamfender)}
mdhughes	{(siegel)}
mdirolf	{(mattpodwysocki)}
mdkail	{(cloudera)}
meangrape	{(Silona)}
mecredy	{(noellechun)}
mediaslave	{(paolicelli)}
mediatrustpete	{(flowingdata)}
meltic	{(nyaxt)}
meltsb	{(yamadaryuhei)}
mentalguy	{(nicksieger)}
merbist	{(sippndipp)}
merturk	{(KayBallard)}
merv	{(NeilRaden),(daveofdoom),(ryanprociuk)}
metajack	{(sourcegirl)}
metcalfc	{(HBase),(LusciousPear),(adpowers),(agemooij),(asbkmb),(chriscurtin),(cwensel),(duck1123),(jlongtine),(mja),(nealrichter),(otrajman),(rjurney),(samtingleff),(wadey)}
mfacenet	{(funkatron)}
mhaller1979	{(erikrozendaal),(pingles),(rjurney)}
mhanco	{(Beaker)}
mhawthorne	{(NovusTiro),(livelock)}
mhkarmasphere	{(SavioRodrigues)}
mhkt	{(hoisie)}
mich8elwu	{(znmeb)}
michaelbarton	{(mndoci),(wonko9)}
michaelhoffman	{(samidh)}
michaelneale	{(twasink)}
michaelpearsun	{(mrflip)}
michaelwilde	{(botchagalupe),(mroesch),(rjurney)}
michellegreer	{(stuhood)}
michielb	{(mijndert)}
michio009	{(zephiransas)}
mickey24	{(syou6162)}
midnight_bot	{(ikeike443),(tsuka),(zenra_bot)}
midorio	{(Nakada_itpro)}
mies	{(alper)}
miguelrios	{(kn0thing)}
mihchang	{(_takebon_)}
mihochannel	{(yumano)}
mijori23	{(mslovak)}
mike_schatz	{(agbiotec)}
mikearsenault	{(infochimps)}
mikebabineau	{(paulretherford)}
mikedewar	{(drewconway)}
mikeee	{(sh1mmer)}
mikeferguson1	{(AndrewLampitt),(itworks)}
mikeinmymouth	{(ARPmike)}
mikejewell	{(alsothings)}
mikelodeon	{(pfcdgayo)}
mikeloukides	{(cloudera)}
mikeolson	{(LusciousPear),(ccgillett),(esammer),(johnolilly),(kevinweil),(oreillybrett),(platformlead)}
mikepeloquin	{(jowyang)}
mikexstudios	{(eugeneiiim)}
mikhailberis	{(helloluis)}
mikojava	{(krishnan)}
milesEfron	{(infochimps)}
milesosborne	{(YahooLabs)}
miminashi	{(RKTM),(_osi)}
misswinnie	{(dhruvbansal)}
misternaxal	{(bbttxu)}
mitchitized	{(sukhchander)}
mitoma_ryo	{(kitora_naoki)}
mixdev	{(FagunB),(sandipb),(scorpion032),(sids)}
miyakawa_taku	{(Agile_Cat)}
miyer	{(WSJdigits)}
miyo4i	{(msh_junya)}
mja	{(DataJunkie),(Vaguery),(andrewbarnett),(kellysims),(rjurney)}
mjasay	{(mikeolson),(openmadison)}
mkj6	{(Anant_Singh)}
mkrigsman	{(dbmoore)}
mmcgrana	{(newscred),(ogrisel),(stuartsierra)}
mmmmmrob	{(mattb)}
mnagaku	{(ynaoto)}
mndoci	{(eugeneiiim),(infochimps),(invisiblejules),(irajislam),(jandot),(jmeowmeow),(lcooney),(mrflip),(neilkod),(otrajman),(petersirota),(peteskomoroch),(pkedrosky),(rdeborja),(rguha),(runako),(ryanstewart),(scisu),(xefyr),(yokofakun)}
mnshah	{(DataJunkie),(dpatil),(floleibert),(jakehofman),(sys49152)}
mobanalyticstv	{(duchaba)}
mohakprince	{(prolificd),(slideshare)}
mokele	{(robinlisle)}
momo13	{(boggle)}
monadic	{(leastfixedpoint)}
mongohq	{(zenom_)}
monjudoh	{(exleaf)}
monkchips	{(botchagalupe),(cathcam)}
moomdede	{(AuntiSpam)}
moondowner	{(gocemitevski)}
moonpolysoft	{(jwtodd),(tlipcon)}
mperham	{(bigfleet),(markimbriaco)}
mr_bo_jingles	{(mndoci)}
mrdenny	{(dyfhid)}
mrflip	{(PaulMiller),(_hgavin),(alohaonrails),(bradfordcross),(codypo),(crunchbase),(djgreer),(infochimps),(jeromatron),(johnwohn),(joshuabaer),(justinkistner),(kevinweil),(kirkwy),(lucasjosh),(marshallk),(mndoci),(moonpolysoft),(mza),(ogrisel),(olyerickson),(peteskomoroch),(rjurney),(samohtsivraj),(samtingleff),(seancribbs),(tkb),(tlipcon),(tones),(utopiah),(vincentpants)}
mrgunn	{(labgrab)}
mrinal	{(simonw)}
mroesch	{(taosecurity)}
mrowe	{(timbrown13)}
mrtroi	{(johngarcia)}
msgroner	{(kylecordes)}
msk_masaki	{(itayan)}
mstrohm	{(dtunkelang)}
mturilin	{(platformlead)}
mualphadayo	{(nakatass)}
muddydixon	{(cqa02303)}
mudphone	{(LusciousPear)}
muhghazali	{(echo_khannedy)}
mujiang	{(NinGoo)}
munetika	{(iptel_bz)}
muratdemirbas	{(neil_conway)}
muratk3n	{(damienfrancois)}
muratotti	{(kzk_mover),(muratotti)}
murf	{(dehora)}
mweisman	{(jatorre)}
mwessendorf	{(chkal)}
mwexler	{(awadallah)}
mybox	{(fujiyo)}
myrt_mobile	{(media_arch)}
myui	{(__ciruzzo__),(monizuka)}
mza	{(jdudley),(mndoci)}
n0mad_0	{(mariagrineva)}
n0ts	{(perezvon)}
n_pandey	{(DZone)}
n_yana	{(Agile_Cat),(Nakada_itpro),(kkawamura),(makeplex),(maokit),(okachimachiorz),(osacaz4),(redhotstar),(ushiday)}
nairb774	{(ach_l)}
naka_aki_spl	{(zetta1985)}
namp	{(mperak)}
namu01	{(utkarsh)}
nangin007	{(TerryCho)}
nasrat	{(adamhjk),(cloudera),(ripienaar)}
nathanmarz	{(bradfordcross),(daniel_levine)}
nbreau	{(spullara)}
nbrgraphs	{(infochimps)}
nealrichter	{(DataJunkie),(communicating),(mdreid),(metcalfc),(neil_conway),(peteskomoroch),(samtingleff),(tlipcon)}
neil_conway	{(SeanChittenden),(bigdata),(istweetingcool),(nealrichter),(saileshkrish),(squarecog),(tlipcon),(tonybain)}
neilfws	{(mndoci)}
neilgall	{(mike9r)}
neilkod	{(GregRahn),(dfletcher),(gwenshap),(padjiman)}
nemoton	{(ryu_kobayashi)}
nenshad	{(CurtMonash),(GeorgeReese),(SameerPatel),(dbmoore),(krudin),(mikeferguson1),(optian),(ryanobjc),(talend)}
neofreko	{(andry),(emileifrem),(rampok)}
neomoha	{(jerepick)}
nerdcave	{(LANjackal)}
netcrusher88	{(LusciousPear)}
newgoodz	{(satoshi_kimura)}
ngocha85	{(ducleminh)}
ngocnd	{(TanNg)}
nicholasjones	{(pemulis)}
nickducoff	{(infochimps),(joshuabaer),(mrflip)}
nicksieger	{(ijonas)}
nicktj	{(ConnTravels),(TophyMastery),(kevinweil),(seelmann),(toomasr)}
nicolastorzec	{(infochimps)}
nicolaus	{(GeorgeReese)}
nielsmeer	{(hackingdata)}
ninh	{(peterc)}
nirajtolia	{(hackingdata)}
nirbheek	{(saurabhnanda)}
niteshbhatia	{(rootuser)}
nitin	{(shashivelur)}
nitinsalgar	{(SQLSoldier)}
nivs	{(arikfr)}
niwaken	{(tcsh)}
niyalist	{(Mage_Whopper),(morimorihoge)}
njbartlett	{(monkchips)}
nkenya3	{(bwv1043)}
nkhlss	{(amoghvk),(milindesai)}
nlfiedler	{(tonybain)}
nntsugu	{(kkawamura)}
no_24oka	{(Agile_Cat)}
nogamiryj	{(LazyShion)}
nohmad	{(cetauri)}
nokuno	{(okachimachiorz),(seiryo)}
nomuran	{(m_kumagai)}
noony	{(irldexter)}
normalian	{(Nakada_itpro)}
notahat	{(melinachan)}
notquiteabba	{(lenbust)}
novaspivack	{(AAinslie)}
nrathaus	{(frednecksec)}
nrr	{(RyanBalfanz)}
nseki	{(jeffbarr)}
nsharp_2ch	{(okachimachiorz),(shot6)}
nsillik	{(hectcastro)}
nsteinmetz	{(kchodorow)}
nttuyen	{(ndkhoiits)}
nuin	{(michaelbarton)}
nunoloureiro	{(geohot)}
nuttycom	{(ijuma)}
nzkoz	{(google)}
oda_satoshi	{(kuenishi)}
odadph	{(digitoktav)}
odaken0824	{(kikeroga)}
ofk	{(jnishi)}
ogochan	{(yukotan)}
ogrisel	{(bradfordcross),(chl),(communicating),(cwensel),(hannescarlmeyer),(mmcgrana),(mrflip),(pbrane)}
ohkura	{(kzk_mover)}
ohtsuki	{(manu3da4)}
ojilles	{(guidmaster)}
okachimachiorz	{(Agile_Cat),(Nakada_itpro),(asami224),(ashigeru),(fujibee),(kimtea),(kumagi),(masayh),(n_yana),(nokuno),(osacaz4),(ryu_kobayashi),(shot6),(wk77),(xxkickerxx),(ysaotome)}
okoba23	{(shinodogg)}
olabini	{(kevinnuckolls)}
oldyoungj	{(stvchu)}
olemartin	{(eliast)}
olg	{(ogrisel)}
olgag	{(loretahur)}
oligoglot	{(BalaramanL)}
oliv_oil	{(techarch)}
oliyoung	{(calrion)}
olyerickson	{(andyhickl),(infochimps),(webr3)}
omervk	{(haggais)}
onlyopensource	{(andrewmccall)}
optian	{(cloudera)}
oraclenerd	{(TedC)}
orian	{(dacort)}
osacaz4	{(hisashi_yano),(kimotuki),(kis),(n_yana),(ryu_kobayashi)}
osma	{(markmadsen)}
osmandros	{(acmurthy)}
otherinbox	{(infochimps)}
otisg	{(abhikchowdhury),(allanca),(cloudera),(gregbayer),(groundsfreh),(inEntSW),(iszuddin),(jasonrutherglen),(nenshad),(paulscott56),(richyatkinson),(saintstack),(shupp),(tlipcon)}
otoburb	{(terrycojones)}
ototadana	{(k2wd)}
otrajman	{(FollowAlexM),(JeromePineau),(midtownninja),(rb2k),(ribalba)}
ourshelf	{(fredwilson)}
owehrens	{(codemonkeyism),(krasul)}
owen_omalley	{(gridsolutions),(hackingdata),(rgaidot),(tfmorris),(timconverse)}
ozakihajime	{(waisu70)}
p1lonn	{(cloudera)}
pacoid	{(jgrayla),(sorenmacbeth)}
padjiman	{(neilkod)}
pagameba	{(anutron)}
paming	{(tatakaba)}
panaggio	{(alganet)}
panggi	{(echo_khannedy),(ydn)}
pansapiens	{(mndoci)}
paolicelli	{(mediaslave)}
parand	{(benhardy),(clemesha)}
parulia	{(ccgillett)}
pascal	{(kurtjx)}
passion4process	{(johnrrymer)}
patrichards	{(xcbsmith)}
patrick_h_lauke	{(codepo8)}
patrickdebois	{(fs111)}
pattyluv	{(apple_guy)}
patuvol	{(wuitap)}
paulborgermans	{(tonywood)}
paulca	{(jhd)}
paulgb	{(mjrusso)}
paulsalazar	{(NeilRaden),(ewantoo),(timoreilly)}
paulscott56	{(AntiThetical),(jdtangney),(timkeller)}
pavlobaron	{(jboner)}
pbarrera	{(yaiza)}
pbeyssac	{(adulau)}
pbrane	{(DataJunkie),(algoriffic),(bradfordcross),(nealrichter),(ogrisel),(peteskomoroch),(squarecog),(tgibbs),(xefyr)}
pcdinh	{(adbglobal)}
pchaganti	{(blaine)}
pcp071098	{(colinhowe)}
pda	{(github)}
pdsphil	{(infochimps),(kevinweil)}
pedrogteixeira	{(pedrogteixeira)}
pedroteixeira	{(igorgiusti)}
peglarr	{(techmute)}
perigrin	{(petdance)}
permalac	{(angeldiaz)}
perverstraw	{(AyakoBaba)}
petercheng	{(Fenng)}
peterneubauer	{(alisohani)}
peteskomoroch	{(CMastication),(ChrisDiehl),(DataJunkie),(adamnash),(bradfordcross),(cmcavoy),(drewconway),(hackingdata),(i2pi),(joshdsullivan),(klbostee),(lintool),(mndoci),(nealrichter),(pbrane),(rjurney),(squarecog)}
petewarden	{(jfox85)}
pfcdgayo	{(brenes),(infochimps)}
pfig	{(nunoloureiro)}
pfreet	{(rjurney)}
pgolding	{(AjitJaokar)}
phantas	{(RuiSeabra),(themage)}
phelo	{(xamat)}
phichai	{(lewcpe)}
philcampbell	{(ihatemornings)}
philwhln	{(rjray),(rjurney)}
philz42	{(kevinweil)}
phoch00	{(chrispirillo)}
phuff	{(esammer),(mikeolson),(mjasay),(ohlolohlol),(rjurney)}
phunt	{(HenryR),(dehora),(igrigorik),(mallipeddi),(netik),(shot6),(siculars),(stevereads),(tom_e_white)}
pierhugues	{(saintstack)}
pierre_nel	{(Apreche)}
pilif	{(codinghorror)}
pillowguerrilla	{(poloassassin)}
pingles	{(samnewman)}
pirroh	{(rgeorge28)}
pixelcat	{(zelandiya)}
piykumar	{(konarkmodi)}
pk11	{(matinahat)}
pkedrosky	{(deepfoo)}
pkuchta	{(carletes)}
planetrussell	{(bobgourley)}
plank10	{(romeosidvicious)}
plantimals	{(RyanBalfanz)}
platformlead	{(cloudera),(mturilin)}
plusadd	{(fujibee)}
pmonks	{(janl)}
pnschmidt	{(aviars)}
point8476	{(hisashi_yano)}
ponderossa	{(rglenn)}
ponta3rd	{(you_and_i)}
posix4e	{(al3x),(anutron),(llasram)}
powerwu	{(yunjiong)}
ppraveen	{(mikeolson)}
pquerna	{(rbowen)}
praphul	{(otrajman)}
prasert	{(javaboom)}
prasnation	{(r0wb0t)}
preferred_jp	{(kzk_mover)}
prerecorded	{(misslaurathomas)}
prhacker	{(mrflip)}
prisonerjohn	{(flowingdata)}
prpatel	{(matthewmccull)}
psnively	{(svrc)}
psvensson	{(frebro)}
pswam	{(mikeolson)}
psychemedia	{(jstein)}
puneetla	{(cloudera)}
puppy926	{(clowcard01)}
puresock	{(plugawy)}
pwiedel	{(matthewmccull)}
pythonix	{(gwillen)}
r0derik	{(nettuts)}
r15habh	{(esammer)}
r351574nc3	{(warneronstine)}
rabbitrun84	{(gerrymoth)}
rabble	{(rashmi)}
radarcg	{(LusciousPear),(ryanobjc)}
rafaelfuchs	{(lucasbz)}
rafib	{(LusciousPear)}
ragavan	{(lmaugustin)}
railute	{(ryu_kobayashi)}
raj	{(ssauer)}
rajputro	{(imyousuf)}
ralferix	{(bmaso),(charlesnw)}
ralphschindler	{(skoop)}
rampok	{(neofreko)}
randombug	{(cwensel)}
randommsugirl	{(ChinaKatSunflwr)}
randomphrase	{(i386)}
randybias	{(LusciousPear),(boobasan),(tmornini),(vd),(welkaim),(zhenjl)}
randygiusto	{(infochimps)}
rasa	{(xtat)}
rasga	{(infochimps),(jamesrbuk)}
rastasmurf	{(cheese63)}
ravi_mohan	{(hitezh)}
raykrueger	{(matthewcp)}
rberger	{(LusciousPear),(dysinger),(mudphone)}
rbieber	{(frumpa)}
rcalmon	{(infoarbitrage)}
rckenned	{(BlueBoxTraveler),(adpowers),(brandi777),(javalife),(mrfox),(tlipcon)}
rduplain	{(brendengrace),(jeffvogelsang)}
rebelbrown	{(leadershipcoach)}
reboltutorial	{(DZone)}
red_hedgehog	{(djSyndrome)}
redhotstar	{(myen),(n_yana),(tatsuya6502)}
redlog	{(spurpura)}
redsquirrel	{(RipTheJacker)}
refaktor	{(andraz)}
rene_kapusta	{(flowolf)}
reub	{(giessel)}
rgaidot	{(bcobarrubia),(loogaroo)}
rgeorge28	{(PaulMiller),(cloudera)}
rgold_1999	{(veen)}
rguha	{(abhishektiwari),(rguha)}
rizzn	{(michellegreer)}
rjray	{(philwhln)}
rjudas	{(ruv)}
rjurney	{(BlueBoxTraveler),(CMastication),(ConnorFee),(HeathWilkes),(JoshWatts),(aquaman73),(ara_e),(arcadiy),(botchagalupe),(datayoda),(derrickpeavy),(hackingdata),(jmstriegel),(jobtitled),(kevinweil),(kevsmith),(livecipher),(mhaller1979),(michaelwilde),(nathanmarz),(pfreet),(philwhln),(squarecog),(tlipcon),(znbailey)}
rkoopmann	{(rens2000)}
rlpow	{(mrudnick)}
rmonge4surf	{(floleibert)}
robertbrook	{(delineator)}
robertlofthouse	{(garethr)}
robhague	{(petehague)}
robilad	{(cote)}
robmv	{(edgar)}
robocrunch	{(lintool)}
robotgeek	{(RyanBalfanz)}
robotrobot	{(AndrewBate)}
robsaker	{(analyticsfuture)}
roder	{(grantmichaels)}
rogerjenn	{(WadeWegner),(timoreilly)}
roidrage	{(monadic)}
rolandbouman	{(MarkGStacey),(communicating),(dybvandal)}
romefort	{(davewiner)}
romeosidvicious	{(plank10)}
ronaldbradford	{(CaptTofu)}
roniburd	{(sbtourist)}
roolio	{(CMastication)}
rootuser	{(niteshbhatia)}
rossbates	{(mrflip)}
royalfrasier	{(erichter)}
rschu	{(afterwise),(mike_acton)}
rshriram	{(ravenben)}
rtacconi	{(logicoder)}
rubenfonseca	{(luismreis)}
ruidlopes	{(pedromelo)}
runsaturday	{(veufre)}
rushiv	{(PKGulati)}
rwang0	{(simon_g)}
ryan5500	{(kitar)}
ryanTgarner	{(ethank)}
ryanlanciaux	{(JustinEtheredge)}
ryanobjc	{(BlueBoxTraveler),(forest520),(jpatanooga),(spyced),(tlipcon),(vtoroman)}
ryanprociuk	{(JAdP)}
ryansroberts	{(NeilRobbins),(hugoware),(scottgal)}
ryanstewart	{(wadearnold)}
ryo_haduki	{(tmyt)}
ryo_katsuma	{(nishiokamegane)}
ryoff	{(sasata299)}
ryokatsumoto	{(dentomo)}
ryu_kobayashi	{(nemoton),(okachimachiorz)}
s977043	{(techblogyahoo)}
sabman	{(berlotti)}
saidimu	{(kevinmarks)}
saileshkrish	{(CurtMonash)}
saintstack	{(beatty),(tlipcon)}
sakacc	{(ssauer)}
sakaiat	{(KuniSuzaki)}
sakira	{(OuchOuchOuch)}
salimv	{(infochimps)}
salmenen	{(Ikawe),(fukuyama09)}
samcharrington	{(kevinweil)}
samdelagarza	{(jasona)}
samj	{(Beaker),(thesethings)}
samohtsivraj	{(infochimps)}
sampullara	{(jebritton)}
samtingleff	{(cloudera),(nealrichter),(peteskomoroch)}
sandb	{(cwensel)}
sangwon	{(samdols)}
sanjaymathur	{(jyarmis)}
santaferraro	{(ryanprociuk)}
santisaez	{(forondarena)}
sao_a	{(tnkhr01)}
saori_murooka	{(hyakutem)}
saptarshir	{(pmorelli)}
sark1001	{(feodor_666)}
sasaki8	{(MrDaibutsu)}
sasata299	{(kamipo),(kansai_takako),(ryoff)}
sascha242	{(bfoo)}
satishd	{(mjasay)}
saurabhnanda	{(hadoop)}
savant	{(alexquick)}
saya182	{(hibari398)}
sbilly	{(flierlu)}
sbourke	{(xamat)}
sbtourist	{(edward_ribeiro),(jeppec)}
scalar	{(clemesha)}
scashin133	{(_angelo)}
schapirama	{(LusciousPear)}
schisamo	{(patrichards)}
schmichael	{(chmullig)}
schmidtstefan	{(adaptorel)}
scilib	{(PaulMiller)}
sclopit	{(frankolken),(moritz_stefaner)}
scotchi	{(arisohn)}
scottsanchez	{(cloudbzz)}
scottw	{(hkarthik),(jasona)}
scratchmytail	{(irfanhabib)}
sdh5724	{(sky000)}
seabird20	{(cote)}
seancribbs	{(SamuraiJack8),(adamachine),(anibalrojas),(arjunram),(bbrowning),(cowboyd),(hobbyist),(kevsmith)}
seaofclouds	{(hadoop)}
search_musou	{(unok)}
seikoudoku2000	{(tamagawa_ryuji)}
selil	{(zenpundit)}
seliopou	{(tlipcon)}
semanticnews	{(amicel)}
semanticpc	{(xamat)}
semanticvoid	{(kevinweil),(semanticpc)}
semilshah	{(cdixon)}
sergeyche	{(gwhalin)}
sermoa	{(github)}
sesejun	{(_shk)}
sethladd	{(gregmoreno),(tmornini)}
sethweiner	{(DonMacAskill)}
sfaxon	{(unclebobmartin)}
sgsinclair	{(sramsay)}
sgxiao	{(Anant_Singh)}
sh1mmer	{(mikeee)}
sh2nd	{(kazunori_279)}
shachart	{(nivertech)}
shadwstalkr	{(bear454)}
shalinmangar	{(divijvaidya)}
shanecurcuru	{(timbray)}
shanev	{(_evan)}
shankariyer	{(CurtMonash)}
shanmuganandhg	{(manikandakumar)}
sharonbetts	{(rhondacarrier)}
sharpmark	{(kaichun)}
shashivelur	{(mrflip)}
shaunhess	{(DataJunkie)}
shawnrog	{(obrienjw)}
shayang	{(hackingdata)}
sheynkman	{(svrc)}
shezgone	{(hwanja)}
shift9	{(esammer)}
shiki_lab	{(bena_)}
shima__shima	{(toyodam)}
shin1ogawa	{(eiichirouchiumi),(just_do_neet)}
shingara	{(ogrisel)}
shinji_kono	{(hinatan)}
shinodogg	{(okoba23)}
shinpei_ohtani	{(hackworks)}
shiondev	{(gigastacey),(jedhallam)}
shita	{(Agile_Cat),(kawajun),(nicksieger)}
shoogie	{(marshallk),(mrflip)}
shot6	{(Agile_Cat),(Nakada_itpro),(ashigeru),(dentomo),(kimtea),(kuenishi),(m_mouri),(masayh),(mentby),(nsharp_2ch),(okachimachiorz),(tamagawa_ryuji),(voluntas)}
shtoker	{(jonojo)}
shudo	{(ryo_katsuma)}
shun0102	{(ut_ymgc)}
shun33	{(movmov)}
shupp	{(kimsterv)}
sideshowbarker	{(soypunk)}
sidudun	{(divitri)}
siebertm	{(alainravet)}
sigizmund	{(HD42)}
silente0	{(combacsa)}
silicon_valley7	{(Nakada_itpro),(preferred_jp)}
simX	{(mzarra)}
simon	{(dfflanders)}
simonw	{(Natbat)}
sinned	{(mrflip)}
sistar	{(noahts)}
siva215	{(agoncal)}
sjgelman	{(MichaelWolffNYC)}
skinny	{(caseorganic)}
sknn	{(cloud_1topi),(suppai_milk)}
skr	{(klbostee),(lenbust)}
skrenta	{(mthreat)}
skurfuerst	{(OlivierDo)}
skvch	{(IntelligentEnt)}
slant	{(pdsphil)}
slay2k	{(matthewkrieger)}
sleberknight	{(amccurry)}
sleveo	{(web20show)}
smartbrain	{(rrystrom)}
smarx	{(WadeWegner),(eduardofv)}
smattoon	{(cwensel),(ebberst)}
smj10j	{(larsgeorge)}
smn	{(al3xandru)}
snagy	{(joelpob)}
snobiwan	{(mykl4)}
snoopdave	{(nlothian)}
sobeit	{(zetamatta)}
sogrady	{(migueldeicaza)}
soktmr	{(civic)}
soli2ude	{(eddieyoon)}
soozworld	{(stephenfry)}
soplakanets	{(hkolk)}
sorenmacbeth	{(Jeff),(bradfordcross),(kevinweil)}
sosiouxm3	{(basking2)}
soypunk	{(sideshowbarker)}
sparklegate	{(hisashi_yano)}
spear_12	{(Philpedia)}
speyronnet	{(baxxx)}
spli	{(rosshuggett)}
spoonen	{(harishtejwani)}
spsexton	{(pbroenen)}
spullara	{(ikarzali),(lcooney),(ramarnat),(rckenned)}
spyced	{(alexconrad),(jmhodges),(lennox),(maxgrinev),(nenshad),(newtman),(ryanobjc),(stevenn)}
squanderingtime	{(jaredmcfarland),(jaymcgavren)}
squarecog	{(BlueBoxTraveler),(aarondemello),(akitada),(awadallah),(bagheer),(cloudera),(combacsa),(ekampf),(kevinweil),(nathanmarz),(nealrichter),(neil_conway),(rckenned),(rjurney),(ronpepsi),(tanjiaqi)}
srdill	{(stevedupe)}
sricanesh	{(vccarvalho)}
srobbin	{(tlipcon)}
ssauer	{(sakacc)}
ssayer	{(eedrummer)}
sseehh	{(twarko)}
sshrin	{(kevinweil)}
ssuri	{(utkarsh),(vsergei)}
stanabe	{(ytsuji11)}
statisticsio	{(codinghorror)}
stayscout	{(github)}
stephenodonnell	{(stevedupe)}
steve_dine	{(joeharris76)}
steve_macdonald	{(RobTyrie)}
steveburnett	{(essdodson)}
steveeichert	{(chrisbaglieri),(r38y)}
stevejb	{(DataJunkie)}
stevelosh	{(philipthrasher)}
steveloughran	{(ajlopez),(jplana),(tcurdt)}
steveodom	{(infochimps),(jbritten)}
stomp_rasta	{(cloudera)}
stopman	{(jzawodn)}
storminwalker	{(mattgeeknz),(tonybain)}
stouset	{(samsm)}
strlen	{(LusciousPear),(atveit),(neil_conway),(tgibbs),(xefyr)}
strukhoff	{(stephenodonnell)}
stuart983	{(liuxu1002)}
stuartrobinson	{(infoape)}
stuartsierra	{(bradfordcross),(choas),(debasishg),(dysinger),(markgunnels)}
stuhood	{(Scobleizer),(tv)}
stunti	{(weierophinney)}
sturlese	{(cutting)}
subelsky	{(yegg)}
sudara	{(hamiltonulmer)}
sudix	{(akishin),(sudix)}
suehuskins	{(h0zae)}
sugipooh	{(kitayama_t)}
suhass	{(codie)}
sukhchander	{(mitchitized)}
suman_ganta	{(samof76)}
sumihiro	{(ku_suke)}
summatusmentis	{(weikaolun)}
summitbid	{(matthewmccull)}
sunayana	{(haikuman)}
sunilnagaraj	{(ajaytoo)}
sunny36	{(anjinpradhan),(codinghorror),(dadicool)}
supaspoida	{(qrush)}
supermaneesh	{(kirsn)}
surflogic	{(pingles)}
svcotton	{(editchick)}
svdgraaf	{(aadnoll)}
svrc	{(dysinger)}
swardley	{(AndiMann),(PaulMiller),(samj)}
syl112	{(syl112)}
syncmitter	{(russferriday)}
syou6162	{(dritoshi)}
systhink	{(infochimps)}
tableau	{(missrogue),(the_tim)}
tackline	{(richardmatthias)}
taigou	{(taigou)}
taiju	{(valvallow)}
takao_nakagawa	{(yhiro_twr)}
takemaru_jp	{(shot6)}
takoratta	{(koyhoge)}
takumigashira	{(naoyuki0401)}
talaesun	{(mochawan)}
talios	{(craigbailey),(michaelneale)}
tallpsmith	{(mikemelia)}
tamagawa_ryuji	{(shot6),(tom_e_white)}
tamingdata	{(marcopolis)}
tan_go238	{(nemoton)}
tanarky	{(akitada)}
tanjiaqi	{(eugeneiiim)}
tanyear	{(Fenng)}
tarantulae	{(bigodines)}
tarek_ziade	{(lawouach)}
taroleo	{(32nm),(hiro_h)}
tarox	{(extelligence0)}
tatakaba	{(paming)}
tatsuya6502	{(m_mouri),(okachimachiorz),(redhotstar),(shot6),(yutuki_r)}
taulpaul	{(josephrueter)}
taylorsan	{(hallrm)}
tbielawa	{(rhussmann)}
tbroyer	{(nancygarrity)}
tcurdt	{(itwasntandy)}
teamswivel	{(sstrudeau)}
tech_stream	{(chieftech)}
techberto	{(steppat)}
technomancy	{(evanphx),(jmhodges)}
technoweenie	{(defunkt)}
techscouter	{(Reichental)}
techthumb	{(mat_kelcey)}
tectonic	{(infochimps)}
teiati	{(cloudera),(felipernb)}
tensigma	{(botchagalupe),(chriscurtin),(jpatanooga),(mengwong),(rjurney)}
terrycojones	{(jsellens)}
tetendo	{(ji_ku),(takerou)}
tetsu3	{(makimoto)}
tetsuoiwata	{(alohakun)}
tettsyun	{(jmizuno),(mamoruk),(tkng)}
textwise	{(mgarl)}
tfmorris	{(kendall)}
tfunato	{(bose999)}
tgibbs	{(KirinDave),(cwensel),(sarahtavel),(strlen)}
tguemes	{(JaimeObregon)}
th0ma5	{(danja),(irregulara),(peteskomoroch)}
the_spinmd	{(gevaperry)}
the_tim	{(tableau)}
thebigjc	{(thecryptic)}
thecoffman	{(marksands)}
thecryptic	{(thebigjc)}
thedaniel	{(verdilak)}
thegrubbsian	{(ayende)}
theitskeptic	{(dbmoore)}
thejasn	{(saurabhnanda)}
theplanis	{(igrigorik)}
thepug	{(stevencorona)}
thequark	{(jdhok)}
therealadam	{(technomancy)}
theseacreature	{(mambenanje)}
thibaut_barrere	{(al3xandru)}
thijssie	{(Tsjies)}
thisoneispaul	{(yy1ng)}
tibbetts	{(john_avery)}
timocratic	{(github)}
timoreilly	{(Werner),(brianaker)}
timothyrmills	{(danklyn)}
timperrett	{(dustinwhitney),(frank06)}
timrobertson100	{(fak3r)}
timwee	{(bradfordcross)}
tinjaw	{(Quesada)}
tirsen	{(timhaines)}
tjake	{(igrigorik)}
tkang1	{(yongsubshin)}
tkb	{(infochimps),(mrflip)}
tkfuji	{(riue)}
tkimuranet	{(micarom)}
tlberglund	{(bsletten)}
tlipcon	{(FrancescoC),(IanHolsman),(LusciousPear),(SlimTebourbi),(arnabdotorg),(ericries),(gleicon),(jordansissel),(jpatanooga),(kevinweil),(klenert),(lawouach),(lenn0x),(livecipher),(mikeolson),(mokele),(moonpolysoft),(squarecog),(trudyprins)}
tlockney	{(aaronblew),(bleything),(crdlo),(jchris),(jkwatson),(skry)}
tlossen	{(mathias_mongo),(stkaes)}
tmahesh	{(shreeni)}
tmornini	{(randybias)}
tmoro	{(masaka)}
tnkhr01	{(AzureMagic)}
tobi	{(jpatanooga)}
toby_mc	{(Werner)}
tobyhowl	{(obigabu)}
tocci3	{(hamburger_kid),(kodamashi)}
toddstavish	{(sogrady)}
toluju	{(NetNoir),(Simergence),(VTPG),(djspiewak),(joshdilworth),(klbostee),(lucasjosh),(pengwynn),(slinkygn)}
tom_e_white	{(acmurthy),(cutting),(dickwall),(jordansissel)}
tomflah	{(matthewmccull)}
tomhcooper	{(thetechrevo)}
tomiyan	{(__tak)}
tomkelshaw	{(nickhac)}
tommy_landry	{(infochimps),(myerman)}
tommychheng	{(DataJunkie)}
tommyh	{(Rchards)}
tomo_wb	{(syou6162)}
tomotaka_ito	{(niyalist)}
tonybain	{(ddata),(timoreilly)}
tonyreinhart	{(FunnelFiasco)}
toolmantim	{(defunkt)}
toomasr	{(nicktj)}
tordable	{(sramanan)}
toshi_miura	{(shot6)}
tracx	{(iljobs20),(simon)}
travelhead	{(SoftProj)}
trib	{(damana)}
troyangrignon	{(the_spinmd)}
truthtrap	{(mail2mayank)}
tsally	{(dfranke)}
tsetem	{(tv)}
tsmuse	{(LusciousPear)}
tsvayer	{(evrenguden)}
ttakemura	{(kaorif)}
tub78	{(rtm)}
tubfun	{(barndrama)}
turboCodr	{(Staten7)}
twasink	{(michaelneale),(paul_okeeffe)}
tweepml	{(infochimps)}
twikilist	{(ogrisel)}
twitlist	{(alex_buz)}
twivik	{(research)}
twleung	{(jaaron)}
tyndyll	{(cimota)}
uasi	{(GreenKei)}
ueshin	{(Wimet),(famicom_kid),(kis)}
ukmekgnac	{(masyhurh)}
ulto	{(Agile_Cat)}
underflow_	{(ogrisel)}
unixronin	{(adamjodonnell)}
uprush	{(apo0909),(zzn2)}
urekat	{(ashigeru)}
uriebe	{(francis_dierick)}
usagisanha	{(amesigure)}
ushiday	{(n_yana)}
utopiah	{(infochimps)}
uudashr	{(tupikp)}
vRobM	{(gabvirtualworld),(rootwyrm)}
vadivelk	{(ayende)}
varun_roflmfao	{(vigneshmiriyala)}
vasudevram	{(timoreilly)}
vccarvalho	{(gleicon),(porcelli)}
vcdx001	{(2009)}
vchandru	{(paddix)}
verbiee	{(joestump)}
vermorel	{(James_Rubino),(chrishayuk)}
versae	{(ant30)}
vgill	{(halbritt)}
vicberggren	{(kevin_m)}
vigneshmiriyala	{(bharath_v)}
vinayakh	{(ydn)}
vinaysudershan	{(amansk)}
virtualandy	{(bsletten)}
vishalbelsare	{(CMastication)}
vivekrishna	{(kvijesh)}
voberoi	{(hmason)}
vogella	{(wimjongman)}
void_akira_void	{(audioswitch)}
voidspace	{(Carnage4Life)}
voluntas	{(Masahito),(ikasamt),(kuenishi),(mitszo),(shot6),(yuroyoro)}
vongillern	{(toranb)}
vrruiz	{(pantulis)}
vsbuffalo	{(DataJunkie),(drewconway)}
vtoroman	{(mdkail)}
vtripolitakis	{(javapapo),(sonic2000gr)}
vzaliva	{(cloudera)}
wChoosak	{(korbsak)}
w_katsura	{(mmtz)}
wadearnold	{(LusciousPear),(TechnologyIowa),(alisohani),(cloudera),(hackingdata),(otisg),(spazm),(xefyr)}
wahalulu	{(idefine)}
walshmichael	{(infochimps)}
wamalone	{(boorad)}
wamusu	{(newmst)}
wardbekker	{(MartijndeM)}
wasaist	{(mkt8514),(motona_)}
waseemsadiq	{(Marston)}
wattersjames	{(Beaker),(paintrichpaint)}
wattsteve	{(fnordquist),(josephkelly),(mrflip)}
waveling	{(chrismckee)}
waysaku	{(just_do_neet)}
wealthofinfo	{(infoarbitrage)}
web2vietnam	{(epi_longo)}
webpasteur	{(mtothen)}
weckerson	{(ColinJWhite)}
weikaolun	{(summatusmentis)}
wellross	{(maks_20)}
wellsoliver	{(mrflip)}
wesleylynch	{(paulscott56)}
wieding	{(old_sound)}
wiik	{(c0t0d0s0)}
will_j	{(hornbeck)}
will_sargent	{(SteveCC)}
williamshields	{(codinghorror)}
williamsjoe	{(FrancescoC),(LusciousPear),(meporter),(strlen)}
williamweber	{(LusciousPear)}
willow0jp	{(macbook)}
windley	{(jeffbarr)}
windlx	{(Fenng)}
winteram	{(scottjcounts)}
wisequeen	{(patphelan)}
wisnulingga	{(baim40)}
wllm	{(ijansch)}
wluka	{(sogrady)}
wmacgyver	{(aalmiray),(argv0),(samnewman)}
wonderchook	{(muziejus)}
wpauley	{(mrudnick),(slacloud)}
wshxzt	{(shen72)}
wtf	{(argonaut),(herdrick)}
wwwprofi	{(netzpolitik)}
wzwanghai	{(bluedavy)}
xBora	{(cansar),(zzgavin)}
xallam	{(denkusr),(jplazaarguello)}
xamat	{(alisohani),(ancechu),(givemeascream),(phelo)}
xavieralexandre	{(xiiiiiiiiii)}
xcbsmith	{(kotaroito),(patrichards)}
xefyr	{(SniperWulfzen),(cemerick),(darthtrevino),(dysinger),(groovetini),(heatherwetzler),(jacobian),(maradine),(mndoci),(pbrane)}
xenith	{(Apreche)}
xgavin	{(bradfordcross)}
xhidnoda	{(crodas)}
xhr	{(alinzainescu)}
xigme	{(stunami)}
xinit	{(rweverwijk)}
xjs_jp	{(uprush)}
xmpp	{(is_llei)}
y_benjo	{(syou6162)}
yaiza	{(josek_net)}
yamakenn	{(yacchin1205)}
yamaz	{(kzk_mover)}
yamy	{(fushigichan),(mogwaing)}
yangzhe1990	{(hengdm)}
yarapavan	{(infochimps)}
yashh	{(ianschenck)}
yasuhito	{(hidemotoNakada)}
yehaskel	{(mrflip)}
yhiro_twr	{(takao_nakagawa)}
ykomiyam	{(smatsuoka)}
yo_sudou	{(sotarok)}
yodafan	{(ohshazbot)}
yogit	{(Fire_Tom)}
yoikawa	{(kzk_mover)}
yokofakun	{(jandot),(mndoci)}
yonghosee	{(mollaxz)}
yono	{(Fire_Tom)}
yosit	{(CrowdSpot)}
youhei	{(mogwaing)}
ys3	{(itawasa)}
ysaw	{(rhyolight),(seldo)}
yssk22	{(kuenishi)}
ytsuboi	{(katzchang)}
yuiseki	{(showyou)}
yukim	{(ryu_kobayashi)}
yukotan	{(m_mouri)}
yuroyoro	{(kaiseh)}
yusukei	{(yujis_ve)}
yutuki_r	{(seizans),(shot6)}
yuvalgo	{(yosit)}
yuvipanda	{(seanpower),(thestatbot)}
yuzuhara	{(makeplex)}
yyamano	{(n_soda)}
z0ltanz0ltan	{(PrabhuK)}
z0r	{(kornerik)}
z33m	{(yuvipanda)}
zenra_bot	{(clairvy)}
zevans23	{(Jetneuf09)}
zhaol	{(wanghongyang)}
zhasper	{(NickHodge)}
zieglerfe	{(infochimps),(zieglerfe)}
zii	{(kevinrose)}
ziobrando	{(lucagrulla)}
ziromr	{(larsgeorge)}
zmoazeni	{(merbist)}
znbailey	{(codinghorror),(rjurney)}
znh	{(danzarrella)}
znmeb	{(CarriBugbee),(abraham),(funkatron),(infochimps),(marshallk),(mich8elwu)}
zooko	{(Love_Hadoop)}
zpratt	{(developerworks)}
