mrflip	tom_e_white
wattsteve	josephkelly
mrflip	mza
nealrichter	tlipcon
tom_e_white	mrflip
rabble	rashmi
kellan	rcrowley
blaine	kellan
jot	MarkABaker
nitin	shashivelur
davemcclure	hackingdata
kencamp	rizzn
harper	atkinsm
AdamHertz	hnshah
AdamHertz	safari
jchris	doppler
jchris	kamal
jchris	tlockney
jchris	jamis
jchris	ashafa
jchris	DanInSanJose
jchris	DanInSanJose
jchris	DanInSanJose
jchris	sfalcon
jchris	dysinger
jchris	avi4now
jchris	rcoder
jchris	pixelcort
jchris	rgaidot
jchris	hardfiles
jchris	binary42
paulgb	mjrusso
raj	ssauer
entangledstate	driveby33
danielraffel	deprimer
deprimer	danielraffel
kyleford	huyhong
thedaniel	verdilak
elliottng	timoreilly
alper	Polledemaagt
robertbrook	delineator
brady	kevinweil
brady	kiwitobes
simon	dfflanders
andrewmccall	mja
andrewmccall	wimvanleuven
andrewmccall	wimvanleuven
andrewmccall	ryancarson
andrewmccall	codemonkeyism
andrewmccall	sandroruch
andrewmccall	sandroruch
andrewmccall	codemonkeyism
ivey	ardell
ivey	controladdict
philcampbell	ihatemornings
mies	alper
nzkoz	google
ryanstewart	wadearnold
sinned	mrflip
iankennedy	chaddickerson
simonw	Natbat
therealadam	technomancy
dcancel	ccgillett
dcancel	ccgillett
dcancel	ccgillett
dcancel	ccgillett
dajobe	ysaw
pfig	nunoloureiro
xgavin	bradfordcross
Scobleizer	benjaminellison
Scobleizer	benjaminellison
Scobleizer	gregscher
kinnon	joemanafo
hornbeck	dysinger
hornbeck	afugate
hornbeck	BlueBoxTraveler
twleung	jaaron
jnewland	wbruce
codypo	ryangrubbs
codypo	ryangrubbs
codypo	mrflip
codypo	mrflip
ldodds	infochimps
scottw	jasona
scottw	hkarthik
sermoa	github
al3x	mattrepl
rjray	philwhln
steveodom	jbritten
steveodom	infochimps
brainopera	echoz
pda	github
trib	damana
_UnPrEdictAbLe_	mnetra
spli	rosshuggett
jpmarcum	infochimps
kennethpbowen	freejoe76
soypunk	sideshowbarker
notahat	melinachan
terrycojones	jsellens
lucasjosh	phaithful
lucasjosh	reidmix
lucasjosh	hackingdata
lucasjosh	mpanoff
lucasjosh	gilesgoatboy
lucasjosh	kiwitobes
jeffbarr	arunxjacob
rizzn	michellegreer
cbowns	zacwhite
kevinmarks	erickschonfeld
kevinmarks	erickschonfeld
kevinmarks	skrenta
redsquirrel	RipTheJacker
monkchips	botchagalupe
monkchips	botchagalupe
monkchips	cathcam
sh1mmer	mikeee
sh1mmer	mikeee
sh1mmer	mikeee
ryanobjc	spyced
ryanobjc	vtoroman
ryanobjc	BlueBoxTraveler
ryanobjc	BlueBoxTraveler
ryanobjc	jpatanooga
ryanobjc	jpatanooga
ryanobjc	forest520
ryanobjc	tlipcon
funkatron	DragonBe
jdrumgoole	endamadden
monadic	leastfixedpoint
garethr	RossC0
garethr	RossC0
garethr	intranation
garethr	robertlofthouse
garethr	neiljlock
iamdanw	infochimps
Silona	infochimps
taulpaul	josephrueter
dacort	mrflip
dacort	ShlomoSwidler
Werner	cperciva
sogrady	migueldeicaza
njbartlett	monkchips
pierre_nel	Apreche
kendall	ericneumann
kendall	psnively
kendall	frankolken
kendall	TedC
mediaslave	paolicelli
mediaslave	paolicelli
mediaslave	paolicelli
meangrape	Silona
thepug	stevencorona
donthorson	PaulSweeney
dehora	ikarzali
dehora	mastermark
dehora	mastermark
dehora	dnene
mndoci	pkedrosky
mndoci	scisu
mndoci	ryanstewart
mndoci	rguha
mndoci	xefyr
mndoci	yokofakun
mndoci	mrflip
mndoci	mrflip
mndoci	neilkod
mndoci	peteskomoroch
mndoci	runako
mndoci	runako
mndoci	irajislam
mndoci	eugeneiiim
mndoci	infochimps
mndoci	rdeborja
mndoci	peteskomoroch
mndoci	peteskomoroch
mndoci	petersirota
mndoci	petersirota
mndoci	invisiblejules
mndoci	invisiblejules
mndoci	jandot
mndoci	jmeowmeow
mndoci	otrajman
mndoci	lcooney
mndoci	yokofakun
rberger	mudphone
rberger	LusciousPear
rberger	LusciousPear
rberger	dysinger
donpdonp	StevenWalling
jdar	eyeseast
mza	mndoci
mza	mndoci
mza	jdudley
joaop	ssn
thebigjc	thecryptic
AntiFreeze	blaine
jablair	posix4e
brondsem	jdfrens
coda	moonpolysoft
xhr	alinzainescu
pdsphil	infochimps
pdsphil	kevinweil
tirsen	timhaines
briansawyer	joesmorgan
pascal	kurtjx
caffeinebomb	daveisanidiot
spullara	ramarnat
sampullara	jebritton
spullara	lcooney
spullara	ikarzali
barakmich	the_bait
tobi	jpatanooga
tobi	jpatanooga
harrisj	myoung
harrisj	timoreilly
seaofclouds	hadoop
mallipeddi	eliast
mallipeddi	iamclovin
mallipeddi	jmhodges
mallipeddi	jmhodges
michaelwilde	botchagalupe
michaelwilde	botchagalupe
michaelwilde	botchagalupe
michaelwilde	rjurney
michaelwilde	rjurney
michaelwilde	rjurney
michaelwilde	rjurney
michaelwilde	rjurney
michaelwilde	rjurney
michaelwilde	botchagalupe
michaelwilde	mroesch
michaelwilde	botchagalupe
michaelwilde	botchagalupe
danentin	mcohen74
defunkt	MikeG1
defunkt	peterc
jlongtine	joestump
jlongtine	joestump
stevelosh	philipthrasher
hitching	google
calavera	jplana
robotrobot	AndrewBate
praphul	otrajman
znmeb	CarriBugbee
znmeb	mich8elwu
znmeb	infochimps
znmeb	infochimps
znmeb	funkatron
znmeb	abraham
znmeb	marshallk
znmeb	CarriBugbee
craigmorgan	gruber
mmmmmrob	mattb
jnicho02	aral
derekg	kevinweil
derekg	xclricky
phantas	themage
phantas	RuiSeabra
mattek	barbiche
damon	banksean
damon	dacort
damon	mrflip
cks	mirven
johnkuo	zzztimbo
Wordie	m2jr
dataplex	eschipul
aufrank	infochimps
_evan	jeremy
bowbrick	smartin
chrisrbailey	robhudson
graulund	aegirthor
jamiew	mrflip
steveburnett	essdodson
mja	DataJunkie
mja	kellysims
mja	andrewbarnett
mja	andrewbarnett
mja	rjurney
mja	rjurney
mja	rjurney
mja	Vaguery
parand	benhardy
parand	clemesha
markng	ewantoo
markng	frabcus
markng	danudey
PaulMiller	scilib
PaulMiller	LusciousPear
PaulMiller	botchagalupe
PaulMiller	sclopit
technoweenie	defunkt
mancha	esteban
krishnan	JAdP
krishnan	defrag
adr	kendrak
complex	skreuzer
KirinDave	ryanbriones
skr	klbostee
skr	lenbust
jmproffitt	jdcoffman
aspender	perrins
mikeee	sh1mmer
mikeee	sh1mmer
mikeee	sh1mmer
mikeee	sh1mmer
PaulLomax	WeTechnoPhobia
alexwilliams	LusciousPear
tkb	infochimps
tkb	mrflip
zhasper	NickHodge
zhasper	NickHodge
samj	Beaker
samj	thesethings
namp	mperak
gbraad	ashcrow
perigrin	petdance
chl	ogrisel
chl	ogrisel
neilkod	padjiman
neilkod	padjiman
neilkod	GregRahn
neilkod	padjiman
neilkod	padjiman
neilkod	dfletcher
neilkod	dfletcher
neilkod	gwenshap
neilkod	gwenshap
manikandakumar	shanmuganandhg
youhei	mogwaing
emp	infochimps
mikeolson	esammer
mikeolson	LusciousPear
mikeolson	johnolilly
mikeolson	oreillybrett
mikeolson	kevinweil
mikeolson	ccgillett
mikeolson	platformlead
stevejb	DataJunkie
shawnrog	obrienjw
BenStucki	rjowen
DieLaughing	brianshaler
aqualung	hortovanyi
ehofer	drchuck
greylurk	darkuncle
anselm	inthecan
anibal	AAMG
oliyoung	calrion
DonMacAskill	sethweiner
paulca	jhd
JasonBogovich	TechCrunch
JasonBogovich	ryanschmidt
marshallk	juliaxgulia
adamd	joshdilworth
janl	reinoutvanrees
bleything	dje
bleything	justinkistner
yuvipanda	thestatbot
yuvipanda	seanpower
bokardo	mediajunkie
furrier	ronrasmussen
bakasan	kevindente
N	ahangai
rckenned	adpowers
rckenned	adpowers
rckenned	adpowers
rckenned	BlueBoxTraveler
rckenned	BlueBoxTraveler
rckenned	javalife
rckenned	tlipcon
rckenned	brandi777
rckenned	brandi777
rckenned	mrfox
dylanw	pat_ramsey
cgul	kevinweil
joshuabaer	infochimps
joshuabaer	infochimps
joshuabaer	infochimps
joshuabaer	infochimps
joshuabaer	subelsky
joshuabaer	infochimps
cfinke	derekspringer
srobbin	tlipcon
srobbin	tlipcon
jeremydurham	reedsturtevant
carismarie	brianpeppler
cwensel	billynewport
cwensel	DataJunkie
cwensel	botchagalupe
cwensel	midnightcoder
cwensel	childjc
cwensel	botchagalupe
cwensel	bradfordcross
cwensel	xefyr
cwensel	ctennis
cwensel	ogrisel
tlossen	stkaes
tlossen	mathias_mongo
jdersh	leningali
codeimpossible	digitalBush
elgreg	Xeus
mdirolf	mattpodwysocki
andry	15june
HenryR	nosqlsummer
HenryR	kweiner
HenryR	kweiner
HenryR	ccgillett
HenryR	phunt
HenryR	sogrady
skvch	IntelligentEnt
skvch	IntelligentEnt
sethladd	gregmoreno
sethladd	tmornini
sethladd	tmornini
joshdilworth	therealadam
joshdilworth	marshallk
joshdilworth	gigastacey
band	infochimps
dnm54	marshallk
A3Munier	jkivit
rgaidot	bcobarrubia
rgaidot	bcobarrubia
rgaidot	loogaroo
rgaidot	loogaroo
danbri	hackingdata
pbrane	nealrichter
pbrane	xefyr
pbrane	tgibbs
pbrane	algoriffic
pbrane	peteskomoroch
pbrane	ogrisel
pbrane	bradfordcross
pbrane	squarecog
pbrane	DataJunkie
d_starr	ph0kin
d_starr	ph0kin
andykent	surflogic
kidehen	olyerickson
dneighbors	chuckreynolds
metajack	sourcegirl
bytebot	mashraqi
chpapa	XMLSDK
chpapa	leonho
chpapa	wanszezit
chpapa	moming2k
budtheteacher	lesliemaniotes
atmos	patmaddox
tibbetts	john_avery
tibbetts	john_avery
vrruiz	pantulis
sangwon	samdols
netcrusher88	LusciousPear
rbieber	frumpa
thijssie	Tsjies
bud_caddell	hornOKplease
mrflip	kirkwy
mrflip	marshallk
mrflip	seancribbs
mrflip	lucasjosh
mrflip	samohtsivraj
mrflip	jeromatron
mrflip	rjurney
mrflip	bradfordcross
mrflip	tlipcon
mrflip	tlipcon
mrflip	infochimps
mrflip	mndoci
mrflip	mndoci
mrflip	moonpolysoft
mrflip	alohaonrails
mrflip	djgreer
mrflip	ogrisel
mrflip	peteskomoroch
mrflip	utopiah
mrflip	vincentpants
mrflip	joshuabaer
mrflip	johnwohn
mrflip	johnwohn
mrflip	justinkistner
mrflip	kevinweil
mrflip	tones
mrflip	crunchbase
mrflip	tkb
mrflip	peteskomoroch
mrflip	_hgavin
mrflip	samtingleff
mrflip	olyerickson
mrflip	PaulMiller
mrflip	mza
mrflip	infochimps
mrflip	infochimps
mrflip	codypo
mrflip	codypo
karllong	t
Tom	ev
jordimirobruix	anibal
eduo	infochimps
eduo	infochimps
eduo	infochimp
eduo	alexvega
eduo	alexvega
pkedrosky	deepfoo
kluivers	dirkdk
kluivers	dirkdk
alq	otisg
alq	otisg
geoffeg	pjhyett
kantrn	jsteeleeditor
sharpmark	kaichun
sharpmark	kaichun
mokele	robinlisle
mokele	robinlisle
chrisco	heroku
windley	jeffbarr
base10	cbjones1
christkv	stkaes
tlockney	jkwatson
tlockney	jkwatson
tlockney	jchris
tlockney	skry
tlockney	crdlo
tlockney	bleything
tlockney	aaronblew
mweisman	jatorre
mweisman	jatorre
voberoi	hmason
pfcdgayo	infochimps
pfcdgayo	brenes
pfcdgayo	brenes
pfcdgayo	brenes
pfcdgayo	brenes
pfcdgayo	brenes
bradheintz	Mallioch
bradheintz	gravitymonkey
bradheintz	headius
bradheintz	alexboly
bradheintz	headius
alexvega	eduo
rabbitrun84	gerrymoth
yuiseki	showyou
alexdong	mat_kelcey
alexdong	mat_kelcey
alexdong	mat_kelcey
alexdong	tlipcon
alexdong	tlipcon
alexdong	ehwizard
alexdong	marchliu
JayRWren	dmarsh
JayRWren	dmarsh
RyanTownsend	codepo8
acdog	sbtourist
alexiskold	andraz
STP	answers
slant	pdsphil
semanticvoid	semanticpc
semanticvoid	kevinweil
craigwebster	CouchDB
rgold_1999	veen
timoreilly	Werner
timoreilly	brianaker
smn	al3xandru
michielb	mijndert
attilacsordas	yokofakun
attilacsordas	mndoci
attilacsordas	mndoci
toolmantim	defunkt
cdixon	fromedome
rmonge4surf	floleibert
kentbrew	infochimps
Rose_at_O	PaulMiller
gregoryhills	infoarbitrage
n0ts	perezvon
hutuworm	Fenng
IRLConor	janl
pchaganti	blaine
acroll	zoonini
breun	p3t0r
snoopdave	nlothian
arjunram	kshashi
randybias	zhenjl
randybias	vd
randybias	tmornini
randybias	tmornini
randybias	welkaim
randybias	LusciousPear
randybias	boobasan
bigfleet	blairblends
bigfleet	jonesbp
romefort	davewiner
ryo_katsuma	nishiokamegane
mixdev	sids
mixdev	FagunB
mixdev	scorpion032
mixdev	sandipb
mixdev	sandipb
Beaker	wattersjames
yaiza	josek_net
esteban	mancha
esteban	mancha
esteban	magoghm
parulia	ccgillett
parulia	ccgillett
versae	ant30
cmdln	xinit
kevinweil	RyanBalfanz
kevinweil	nathanmarz
kevinweil	jpatanooga
kevinweil	lintool
kevinweil	lintool
kevinweil	alanfgates
kevinweil	jericevans
kevinweil	jericevans
kevinweil	jmhodges
kevinweil	cloudera
kevinweil	cloudera
kevinweil	jessverr
kevinweil	jmhodges
kevinweil	lenn0x
kevinweil	lenn0x
kevinweil	lenn0x
kevinweil	lenn0x
kevinweil	tlipcon
kevinweil	tensigma
kevinweil	moonpolysoft
kevinweil	jakehofman
kevinweil	mikeolson
kevinweil	kevsmith
kevinweil	LusciousPear
kevinweil	stevej
kevinweil	xefyr
kevinweil	WiredBarn
kevinweil	cmunezero
kevinweil	niels
kevinweil	nicktj
kevinweil	klbostee
kevinweil	RyanBalfanz
kevinweil	chaddickerson
koyhoge	takoratta
zmoazeni	merbist
chrislea	lenn0x
IDisposable	Carnage4Life
kovacs	LusciousPear
syou6162	dritoshi
mikejewell	alsothings
laribee	robconery
carllerche	ezmobius
nseki	jeffbarr
masanork	ProfMatsuoka
daiba	masuidrive
cooldaemon	jj1bdx
ohkura	kzk_mover
hirose31	inao
tfunato	bose999
knsmr	t_wada
extantproject	meekohi
jorgecarabias	acorsinl
elight	dysinger
elight	dysinger
hyoshiok	Nakada_itpro
katzchang	yamasan007
katzchang	ytsuboi
shot6	Nakada_itpro
shot6	nsharp_2ch
shot6	nsharp_2ch
shot6	okachimachiorz
shot6	kimtea
shot6	masayh
shot6	Nakada_itpro
shot6	ashigeru
shot6	masayh
shot6	Nakada_itpro
shot6	ashigeru
shot6	ashigeru
shot6	voluntas
shot6	voluntas
shot6	mentby
shot6	okachimachiorz
shot6	okachimachiorz
shot6	okachimachiorz
shot6	okachimachiorz
shot6	nsharp_2ch
shot6	nsharp_2ch
shot6	m_mouri
shot6	kuenishi
shot6	nsharp_2ch
shot6	nsharp_2ch
shot6	dentomo
shot6	Agile_Cat
shot6	tamagawa_ryuji
shot6	Agile_Cat
shinji_kono	hinatan
hamasyou	m_pixy
yamaz	kzk_mover
yamaz	kzk_mover
ytsuboi	katzchang
ytsuboi	katzchang
Nakada_itpro	ichiro_satoh
Nakada_itpro	ichiro_satoh
Nakada_itpro	shot6
Nakada_itpro	okachimachiorz
Nakada_itpro	kzk_mover
Nakada_itpro	shot6
Nakada_itpro	tatsuya6502
Nakada_itpro	ar1
Nakada_itpro	ar1
Nakada_itpro	KazumaAndoh
Nakada_itpro	satoruf
Nakada_itpro	yssk22
Nakada_itpro	KazumaAndoh
Nakada_itpro	ufcpp
Nakada_itpro	kzk_mover
Nakada_itpro	kzk_mover
Nakada_itpro	Agile_Cat
Nakada_itpro	normalian
Nakada_itpro	normalian
Nakada_itpro	shot6
gingi0	chrisbaglieri
gingi0	ShlomoSwidler
gingi0	peteskomoroch
matobat	shrkwh
ikm	junkudo_ike_pc
sesejun	_shk
plusadd	fujibee
dmp	nnr
yukotan	m_mouri
JohnApps	cjcdoomed
miyo4i	msh_junya
chriseidhof	mwessendorf
chriseidhof	mwessendorf
michaelneale	twasink
IanMulvany	zzgavin
iskata	mr_edokko
kzk_mover	yamaz
kzk_mover	Guutara
kzk_mover	yamaz
kzk_mover	yamaz
kzk_mover	yamaz
kzk_mover	shun0102
kzk_mover	shun0102
yyamano	n_soda
makeplex	n_yana
yukim	ryu_kobayashi
making	horo
making	garaemon
making	garaemon
tmoro	masaka
tackline	richardmatthias
yasuhito	hidemotoNakada
makenai	elliottkember
kawaguti	fujibee
agentK	virtix
samcharrington	kevinweil
klimpong	MaineC
jdub	stilgherrian
ryan5500	kitar
c_mex	klimpong
reub	giessel
kimtea	quitada
kimtea	mochawan
kimtea	okachimachiorz
tfmorris	kendall
tfmorris	kendall
mikhailberis	helloluis
cpinto	mvalente
cpinto	minimalistic
tgibbs	KirinDave
tgibbs	cwensel
tgibbs	strlen
tgibbs	sarahtavel
sparklegate	hisashi_yano
smattoon	cwensel
smattoon	ebberst
shudo	ryo_katsuma
tarox	extelligence0
tarox	extelligence0
aslak_hellesoy	christkv
aslak_hellesoy	CouchDB
dbmoore	CurtMonash
dbmoore	merv
dbmoore	nenshad
dbmoore	theitskeptic
dbmoore	nenshad
pk11	matinahat
kodamashi	shinodogg
sudix	sudix
sudix	akishin
sudix	akishin
key3	masahif
kad	josech
SifuMoraga	epredator
redlog	spurpura
epriyadi	fosdem
dolonjo	_kou_
martineno	adpowers
iamsidd	mallipeddi
nokuno	okachimachiorz
nokuno	seiryo
mattrepl	cwensel
mattrepl	wahalulu
mattrepl	stuartsierra
mattrepl	dysinger
mattrepl	finegameofnil
mattrepl	al3x
ogochan	yukotan
kt_kyoto	junkudo_stock
urekat	ashigeru
c0t0d0s0	isotopp
ofk	jnishi
daksis	obie
tommyh	Rchards
ckhill	hayesdavis
ckhill	hayesdavis
muddydixon	cqa02303
nicksieger	ijonas
mattc58	brandon_rhodes
paming	tatakaba
chendo	bjango
dhonig	ciurana
guy	arikfr
guy	yosit
guy	yosit
jniino	kazunori_279
jniino	kurikiyo
maruyama097	kibayos
maruyama097	kibayos
kkawamura	shot6
jasonjwwilliams	esteve
clehene	al3xandru
clehene	tobiassvn
clehene	infoecho
ccgillett	danmil
ccgillett	danmil
ccgillett	EventCloudPro
ccgillett	EventCloudPro
ccgillett	esammer
ccgillett	eliast
ccgillett	danmil
ccgillett	otrajman
ccgillett	parulia
ccgillett	parulia
ccgillett	mikeolson
ccgillett	danmil
ccgillett	dcancel
ccgillett	stuartsierra
ccgillett	stuartsierra
kuenishi	yssk22
kuenishi	shot6
kuenishi	shot6
felipernb	crodas
felipernb	mauriciojr
yono	Fire_Tom
ScottAllen	BaldMan
cwoodruff	averyj
cjp	openfly
yosit	CrowdSpot
dims	roonoid
itawasa	ys3
kamipo	sasata299
Siryu	syl112
shinodogg	okoba23
dmitriid	mworrell
Dalice	yukifujino
checkyourfuel	infochimps
will_sargent	SteveCC
skinny	caseorganic
yuzuhara	makeplex
yuzuhara	makeplex
futonchoco	kazunori_279
lenn0x	emiller
lenn0x	tlipcon
lenn0x	BlueBoxTraveler
grigs	infochimps
hayesdavis	infochimps
hayesdavis	mrflip
raykrueger	matthewcp
makimoto	ryo_katsuma
marcwan	charlieflint
hamazy	kzk_mover
antirez	jima00
murf	dehora
tetsu3	makimoto
tetsu3	makimoto
bmichelson	jfcloutier
boorad	rjurney
boorad	chriscurtin
boorad	jpatanooga
nomuran	m_kumagai
robmv	edgar
marckboucher	cloudera
jamis	nogoth
jessekanner	cbtacy
tracx	simon
tracx	iljobs20
nivs	arikfr
AntoineTwitts	flowingdata
ueshin	kis
ueshin	kis
ueshin	famicom_kid
ueshin	Wimet
sudara	hamiltonulmer
xmpp	is_llei
xinit	rweverwijk
jorgeortiz85	ikai
jorgeortiz85	michaelg
atveit	borud
atveit	borud
atveit	stigsb
kana1	yoppiblog
kovyrin	cloudera
emasha	shita
lucasbz	rafaelfuchs
fm021	haruyosi
takemaru_jp	shot6
shanev	_evan
prasnation	r0wb0t
amitrathore	bradfordcross
amitrathore	PelleB
courtstarr	kimsterv
courtstarr	kimsterv
brianshaler	starria
brianshaler	starria
posix4e	anutron
posix4e	llasram
posix4e	llasram
posix4e	al3x
posix4e	llasram
snagy	joelpob
abatalion	ruby_dcamp
dysinger	wagerlabs
dysinger	LusciousPear
dysinger	BadCaseOfDaWins
dysinger	BadCaseOfDaWins
dysinger	gregoryg
dysinger	bradfordcross
dysinger	LusciousPear
dysinger	LusciousPear
dysinger	bradfordcross
dysinger	dizzyco
dysinger	garthk
dysinger	johans
dysinger	johans
dysinger	elight
dysinger	cwensel
dysinger	grantmichaels
dysinger	grantmichaels
dysinger	grantmichaels
dysinger	grantmichaels
dysinger	grantmichaels
dysinger	elight
dysinger	elight
dysinger	david_a_black
xenith	Apreche
makotone	tamotsu2010
makotone	fstylekun
makotone	gclue_akira
makotone	gclue_akira
SexySEO	bobgourley
SexySEO	eldon
SexySEO	cloudera
allenday	boconnor
sunayana	haikuman
vzaliva	cloudera
andrewwatson	lance
sideshowbarker	soypunk
redhotstar	n_yana
redhotstar	n_yana
redhotstar	myen
redhotstar	tatsuya6502
technomancy	evanphx
technomancy	jmhodges
kcm	jdcryans
kcm	igrigorik
kcm	igrigorik
dwf	durin42
awarzecha	monkchips
Masahito	voluntas
awest	marcesher
awest	marcesher
mrowe	timbrown13
munetika	iptel_bz
yuroyoro	kaiseh
gsnedders	Skyzyx
kis	keisuke_n
kis	cohtan
kis	osacaz4
kis	saishu
kis	saishu
kis	cohtan
kis	masuidrive
kis	shot6
kis	shot6
kis	shot6
kis	shot6
kis	kzk_mover
kis	frsyuki
kis	shot6
kis	mitim
stopman	jzawodn
eelco	tux_rocker
cgrantski	jacqueswarren
cqa02303	muddydixon
fh	janl
nerdcave	LANjackal
hongiiv	phploveme
hiphapis	phploveme
pgolding	AjitJaokar
svdgraaf	aadnoll
ericalexander	iamashok
elwoodicious	kdaigle
haykinson	peteskomoroch
argv0	sbidwai
argv0	sbidwai
takoratta	koyhoge
kimchy	andreisavu
kimchy	kedartal
debasishg	bradfordcross
debasishg	bradfordcross
debasishg	justinsheehy
debasishg	justinsheehy
debasishg	jeppec
debasishg	jeppec
debasishg	sbtourist
debasishg	sbtourist
debasishg	dnene
debasishg	glaforge
djspiewak	toluju
djspiewak	michaelg
yamy	fushigichan
yamy	mogwaing
yamy	mogwaing
yamy	mogwaing
golbeck	lintool
golbeck	lintool
osma	markmadsen
scilib	PaulMiller
guermonprez	joebeone
PhatBoyG	sieveman
saurabhnanda	hadoop
saurabhnanda	hadoop
loogaroo	nkgl
loogaroo	nkgl
loogaroo	rgaidot
loogaroo	rgaidot
katzj	base10
katzj	base10
katzj	base10
lnsoso	fire9
matabii	takao_nakagawa
ykomiyam	smatsuoka
ykomiyam	smatsuoka
tonybain	ddata
tonybain	timoreilly
tonybain	timoreilly
tonybain	ddata
tonybain	ddata
tub78	rtm
billynewport	maslett
billynewport	maslett
pansapiens	mndoci
pansapiens	mndoci
keisuke_n	kis
keisuke_n	kis
besus	anamsa
mbrevoort	matthewmccull
mbrevoort	matthewmccull
esteve	jasonjwwilliams
averyj	cwoodruff
averyj	cwoodruff
averyj	jurgenappelo
macbook	willow0jp
delagoya	steveeichert
angsuman	DaveTaylor
angsuman	guykawasaki
cyno	OurielOhayon
AlanMorrison	PaulORorke
AlanMorrison	john_avery
stuartrobinson	infoape
akirasoft	zigphroid
shalinmangar	divijvaidya
USSJoin	caseycrites
acotie	sasata299
giladby	ekampf
voluntas	yuroyoro
voluntas	ikasamt
voluntas	mitszo
voluntas	shot6
voluntas	kuenishi
voluntas	kuenishi
voluntas	Masahito
voluntas	shot6
novaspivack	AAinslie
jny2	sammthomson
jny2	sammthomson
wmacgyver	samnewman
wmacgyver	aalmiray
wmacgyver	aalmiray
wmacgyver	argv0
psychemedia	jstein
randomphrase	i386
vasudevram	timoreilly
RichardVowles	keithsthomas
kenu	fharenheit
kendrak	adr
kendrak	adr
jackholt	shoesonwrong
scalar	clemesha
kob42kob	magicaltrout
hackathorn	donalddotfarmer
hackathorn	weckerson
prisonerjohn	flowingdata
ByteEngine	waynedixon
philz42	kevinweil
jplock	natefoo
lindvall	mloughran
enarsson	kevsmith
dmarsh	gilesgoatboy
dmarsh	JayRWren
dmarsh	codeslinger
yokofakun	jandot
yokofakun	mndoci
yokofakun	mndoci
chrisgrayson	hornOKplease
mkrigsman	dbmoore
ekampf	shachart
ekampf	drorengel
ekampf	yosit
ekampf	eladmeidar
SavioRodrigues	jeremyburgin
SavioRodrigues	jeremyburgin
SavioRodrigues	sogrady
genechuang	lucasjosh
genechuang	spullara
pilif	codinghorror
mhawthorne	livelock
mhawthorne	NovusTiro
svrc	dysinger
monjudoh	exleaf
shita	nicksieger
shita	kawajun
shita	Agile_Cat
liorsion	yosit
mamoruk	taiichi84
mamoruk	garmy
mamoruk	tettsyun
mamoruk	tettsyun
mamoruk	tettsyun
mamoruk	tettsyun
mamoruk	tettsyun
mamoruk	tettsyun
importantshock	chanjuang
importantshock	chanjuang
mjasay	openmadison
mjasay	mikeolson
jamesurquhart	krishnan
gutelius	drewconway
pquerna	rbowen
azeem	nauiokaspark
azeem	smagdali
markmadsen	hackathorn
markmadsen	bitterer
markmadsen	julianhyde
markmadsen	josvandongen
markmadsen	dmenninger
olabini	kevinnuckolls
scratchmytail	irfanhabib
dkastner	bdimcheff
arichika	Nakada_itpro
arichika	Nakada_itpro
kordless	bgyger
lowrobb	anima
botchagalupe	monkchips
botchagalupe	JAdP
botchagalupe	rjurney
botchagalupe	berkay
botchagalupe	dmcclure
botchagalupe	cote
botchagalupe	mjasay
botchagalupe	mjasay
botchagalupe	berkay
botchagalupe	jamesurquhart
botchagalupe	rjurney
botchagalupe	michaelwilde
botchagalupe	michaelwilde
botchagalupe	alisohani
botchagalupe	chriscurtin
botchagalupe	chriscurtin
botchagalupe	chriscurtin
botchagalupe	tensigma
botchagalupe	tensigma
botchagalupe	tensigma
botchagalupe	chriscurtin
botchagalupe	dmcclure
botchagalupe	rjurney
botchagalupe	rjurney
botchagalupe	rjurney
botchagalupe	dlambert
botchagalupe	michaelwilde
botchagalupe	MishaMalamud
botchagalupe	randybias
botchagalupe	alisohani
botchagalupe	wattersjames
botchagalupe	wattersjames
botchagalupe	chriscurtin
botchagalupe	cote
botchagalupe	cote
botchagalupe	cote
botchagalupe	dmcclure
botchagalupe	tensigma
karmali	karmali
karmali	paulretherford
karmali	mndoci
meltsb	yamadaryuhei
briancollins	cloudera
briancollins	cloudera
lookon	Fenng
3110	ar1
kevsmith	moonpolysoft
kevsmith	stkaes
kevsmith	voodootikigod
kevsmith	kevinweil
kevsmith	dmitriid
kevsmith	botanicus
kevsmith	aslak_hellesoy
Madril	joaocruz04
Madril	ruimoura
otrajman	ribalba
otrajman	ribalba
otrajman	rb2k
otrajman	midtownninja
otrajman	JeromePineau
otrajman	JeromePineau
otrajman	JeromePineau
otrajman	FollowAlexM
francip	timoreilly
cloudify	cloudera
cloudify	cloudera
yarapavan	infochimps
kmullins	cote
kmullins	gblnetwkr
ku_suke	kyuns
ku_suke	sumihiro
tanarky	akitada
mikexstudios	eugeneiiim
sorenmacbeth	kevinweil
sorenmacbeth	Jeff
sorenmacbeth	Jeff
sorenmacbeth	bradfordcross
durin42	schwa
francoisL	infochimps
bdainton	infochimps
isitaboat	Microsoft_Gov
donohoe	derekg
jeremybowers	harrisj
kawaiti	kzk_mover
snobiwan	mykl4
steveeichert	r38y
steveeichert	chrisbaglieri
sharonbetts	rhondacarrier
vinayakh	ydn
dcbriccetti	eissonnie
dirs	fabiogiolito
dirs	bigodines
advany	mijndert
advany	mijndert
genebecker	Risto
IgorMinar	jrenko
lancefisher	BigstickCarpet
shingara	ogrisel
ysaw	seldo
ysaw	rhyolight
luclatulippe	_boo
jakekorab	glaforge
josech	KBrown
y_benjo	syou6162
y_benjo	syou6162
thibaut_barrere	al3xandru
ealdent	infochimps
frsyuki	ryo_grid
frsyuki	kimtea
lmacvittie	valb00
gnawux	forest520
otisg	tlipcon
otisg	gregbayer
otisg	richyatkinson
otisg	allanca
otisg	nenshad
otisg	cloudera
otisg	paulscott56
otisg	paulscott56
otisg	groundsfreh
otisg	groundsfreh
otisg	abhikchowdhury
otisg	iszuddin
otisg	shupp
otisg	jasonrutherglen
otisg	inEntSW
otisg	saintstack
otisg	jasonrutherglen
erickd	danlev
charlesnw	kweiner
charlesnw	kweiner
petercheng	Fenng
hanekomu	miyagawa
swardley	PaulMiller
swardley	samj
swardley	AndiMann
swardley	PaulMiller
lozzd	allspaw
lozzd	allspaw
dlwh	berghausen
digitalfemme	timoreilly
the_spinmd	gevaperry
phuff	mikeolson
phuff	esammer
phuff	ohlolohlol
phuff	mjasay
phuff	rjurney
GregTracy	abraham
mattwaite	lucasjosh
okoba23	shinodogg
capotej	kevinweil
kapilmohan	sriprasanna
kapilmohan	sriprasanna
strlen	xefyr
strlen	tgibbs
strlen	atveit
strlen	atveit
strlen	atveit
strlen	LusciousPear
strlen	LusciousPear
strlen	neil_conway
shin1ogawa	eiichirouchiumi
shin1ogawa	just_do_neet
TedC	romefort
TedC	steven_fletcher
TedC	steven_fletcher
TedC	cloudera
TedC	cloudera
joa	schloessersjung
olgag	loretahur
fxposter	salikhov
rafaelfuchs	lucasbz
timothyrmills	danklyn
uudashr	tupikp
dunkelstern	macode
jstanforth	carldunham
vgill	halbritt
HalleTecco	brent_jackson
HalleTecco	mikeolson
dongwang	gersei
ashigeru	okachimachiorz
ashigeru	kimtea
ashigeru	okachimachiorz
ashigeru	shot6
ashigeru	shot6
ashigeru	shot6
ashigeru	okachimachiorz
ashigeru	okachimachiorz
ashigeru	okachimachiorz
markpeak	putchonguth
mccv	xxthexjakexx
mccv	xxthexjakexx
keehun	github
mikelodeon	pfcdgayo
behi_at	hmuehlburger
behi_at	hmuehlburger
astronautgo	asarathy
esammer	mrflip
esammer	mrflip
esammer	mrflip
esammer	mrflip
esammer	otrajman
esammer	phuff
esammer	peteskomoroch
esammer	LusciousPear
esammer	r15habh
esammer	nielsmeer
esammer	ccgillett
esammer	davidgreco
esammer	dwhsix
esammer	craig_macdonald
esammer	TiredFairy
esammer	shift9
esammer	stigsb
esammer	bennettandrews
esammer	CMastication
esammer	CMastication
esammer	CMastication
esammer	CMastication
esammer	CMastication
esammer	CMastication
esammer	CMastication
esammer	CMastication
esammer	derekbrown7
esammer	derekbrown7
esammer	rich_hutton
esammer	shift9
jmhodges	ryanobjc
jmhodges	BlueBoxTraveler
jmhodges	BlueBoxTraveler
jmhodges	kevinweil
jmhodges	technomancy
jmhodges	sprsquish
jmhodges	marksands
frogpond	rawn
kaplanfx	kimsterv
jamescham	startup2startup
xamat	ancechu
xamat	alisohani
xamat	givemeascream
xamat	givemeascream
xamat	phelo
fernando_takai	edbizarro
fernando_takai	edbizarro
dbasch	rosendeh
RafaelFajardo	ibogost
olg	ogrisel
techscouter	Reichental
abraham	infochimps
abraham	infochimps
abraham	infochimps
gwenshap	DrQz
MacDivaONA	infochimps
frumpa	rbieber
frumpa	jadegutis
uasi	GreenKei
anutron	cloudera
anutron	3n
anutron	rauchg
anutron	thejsblog
anutron	cloudera
roolio	CMastication
drosen	DataJunkie
mattstevens	stevedekorte
andydavies	tonvanderliet
sobeit	zetamatta
ralferix	charlesnw
ralferix	bmaso
fasteddy760	techunits
jcoronella	mikeolson
jcoronella	awscloud
simX	mzarra
bsletten	danbri
johnclaus	chrisbaglieri
yuvalgo	yosit
andyhickl	juansequeda
andyhickl	mrflip
andyhickl	mrflip
ziromr	larsgeorge
edavis10	gilesgoatboy
dhinojosa	matthewmccull
psvensson	frebro
benbangert	spyced
benbangert	spyced
jessecrouch	davidgiesberg
jessecrouch	brizzly
jessecrouch	brizzly
jessecrouch	TheJenATX
PatrickTulskie	eachus
ansate	petewarden
ansate	mmparker
tinjaw	Quesada
dmcclure	botchagalupe
dmcclure	botchagalupe
tectonic	infochimps
panaggio	alganet
karmiq	godfoca
karmiq	charleshooper
markimbriaco	brentrowland
markimbriaco	nogoth
mmcgrana	newscred
mmcgrana	stuartsierra
mmcgrana	ogrisel
mdkail	cloudera
mdkail	cloudera
hortovanyi	renailemay
hortovanyi	renailemay
tcurdt	itwasntandy
msgroner	kylecordes
clarkware	mojombo
jbminn	defrag
jbminn	defrag
RevezNexus	kike_DNOiSE
RevezNexus	kike_DNOiSE
LordPov	mark_liu
mroesch	taosecurity
igrigorik	nealrichter
igrigorik	awadallah
igrigorik	egze
hkolk	soplakanets
robilad	cote
hirocell	Ohsugi
phelo	xamat
phelo	xamat
shoogie	marshallk
shoogie	mrflip
eriwen	jaredrichardson
eriwen	jaredrichardson
lin_ks	snkken
kazuhiro_kazama	mamoruk
tmahesh	shreeni
wiik	c0t0d0s0
James_Rubino	Bochmann
James_Rubino	mndoci
James_Rubino	timwee
James_Rubino	alisohani
James_Rubino	shashivelur
James_Rubino	TarasNovak
James_Rubino	vtoroman
James_Rubino	vermorel
James_Rubino	aaroncordova
James_Rubino	stuartsierra
James_Rubino	g13n
James_Rubino	duydo
James_Rubino	ixothym
James_Rubino	mrflip
James_Rubino	bradfordcross
toddstavish	sogrady
ao12	jurgenappelo
benhardy	parand
wzwanghai	bluedavy
RickBullotta	nenshad
shanecurcuru	timbray
pierhugues	saintstack
padjiman	neilkod
padjiman	neilkod
shun33	movmov
akohli	monkchips
uprush	apo0909
uprush	apo0909
uprush	zzn2
spsexton	pbroenen
nbreau	spullara
justingsouter	simongdavies
agbiotec	yokofakun
agbiotec	pansapiens
agbiotec	mndoci
agbiotec	mndoci
agbiotec	rberger
agbiotec	mndoci
agbiotec	mndoci
lorennorman	skalnik
mudphone	LusciousPear
zhaol	wanghongyang
chanezon	sean_lynch
bhuto	freegeek
mrinal	simonw
michellegreer	stuhood
aaronbush	ioerror
alexbilbie	joelg87
gawel_	osdcfr
gawel_	osdcfr
paolicelli	mediaslave
paolicelli	mediaslave
mikojava	krishnan
romeosidvicious	plank10
abdur	infochimps
spoonen	harishtejwani
ichverstehe	rtomayko
jaredrichardson	eriwen
railute	ryu_kobayashi
sakira	OuchOuchOuch
pedroteixeira	igorgiusti
boggle	janl
boggle	momo13
tsmuse	LusciousPear
underflow_	ogrisel
underflow_	ogrisel
surflogic	pingles
febeling	stuartsierra
febeling	stuartsierra
ibz	filipcte
kenqyu	velocityconf
ruidlopes	pedromelo
merturk	KayBallard
merturk	KayBallard
rasa	xtat
planetrussell	bobgourley
randommsugirl	ChinaKatSunflwr
agnozingdays	yamasan007
gbboy	_jm
talios	michaelneale
talios	craigbailey
arunbatchu	michaelquick
arunbatchu	bsletten
arunbatchu	tom_e_white
arunbatchu	tom_e_white
taiju	valvallow
sabman	berlotti
sabman	berlotti
awadallah	krudin
awadallah	HenryR
awadallah	peteskomoroch
awadallah	squarecog
merv	ryanprociuk
merv	daveofdoom
merv	NeilRaden
jwtodd	moonpolysoft
CurtMonash	johnrrymer
CurtMonash	swooledge
CurtMonash	NeilRaden
CurtMonash	hackathorn
CurtMonash	hackathorn
CurtMonash	otrajman
CurtMonash	dmenninger
CurtMonash	jbecla
CurtMonash	jbecla
CurtMonash	jbecla
coreyleong	jgehlbach
markjeffrey	dviner
markjeffrey	RayS
adityamishra	Knowledgefaber
eonnen	dysinger
ar1	naraki
ar1	Nakada_itpro
ar1	tjun
ar1	sbg
ar1	yuripop
ar1	3110
ar1	3110
efic1	cloudera
shachart	nivertech
voidspace	Carnage4Life
davidgiesberg	infochimps
rubenfonseca	luismreis
JoGnet	fabricemous
jatorre	joaquindiez
jatorre	joaquindiez
DataJunkie	zaxtax
DataJunkie	infochimps
DataJunkie	sandynathan
DataJunkie	sandynathan
DataJunkie	stevejb
DataJunkie	alisohani
DataJunkie	tjake
DataJunkie	LusciousPear
DataJunkie	communicating
DataJunkie	vsbuffalo
DataJunkie	peteskomoroch
DataJunkie	shaunhess
DataJunkie	nealrichter
DataJunkie	bradfordcross
DataJunkie	ChrisDiehl
DataJunkie	communicating
DataJunkie	atulskulkarni
DataJunkie	phelo
DataJunkie	ChrisDiehl
DataJunkie	cwensel
DataJunkie	kevinweil
DataJunkie	sandynathan
DataJunkie	dacort
DataJunkie	dacort
DataJunkie	kevinweil
DataJunkie	dacort
DataJunkie	atulskulkarni
DataJunkie	sandynathan
DataJunkie	daniel_levine
llimllib	infochimps
madd0	jbevain
freeformz	tmornini
freeformz	randybias
taroleo	hiro_h
taroleo	32nm
tjake	igrigorik
tjake	igrigorik
nenshad	krudin
nenshad	krudin
nenshad	krudin
nenshad	SameerPatel
nenshad	talend
nenshad	ryanobjc
nenshad	dbmoore
nenshad	dbmoore
nenshad	GeorgeReese
nenshad	mikeferguson1
nenshad	CurtMonash
nenshad	optian
nenshad	optian
shaunhess	DataJunkie
boblozano	billynewport
boblozano	lmacvittie
boblozano	billynewport
aurumaeus	deirdresm
izuzak	ChrisMBarr
izuzak	RyanPeterson
izuzak	ZachariahKral
izuzak	randyjensen
kopertop	TheAnimator
covati	gavinbaker
mbleigh	pjb3
stuhood	tv
stuhood	Scobleizer
finalfusion	DrFaust
arikfr	guy
arikfr	guy
k776	github
siebertm	alainravet
aalmiray	wmacgyver
aalmiray	puredanger
con_mame	techblogyahoo
samtingleff	cloudera
samtingleff	peteskomoroch
samtingleff	peteskomoroch
samtingleff	cloudera
samtingleff	nealrichter
samtingleff	nealrichter
johnconroy	mrflip
mwessendorf	chkal
GregorMacdonald	pkedrosky
laforgetm	brockpalen
TylerCoffin	jeffhorrocks
TylerCoffin	jeffhorrocks
olemartin	eliast
phunt	mallipeddi
phunt	netik
phunt	tom_e_white
phunt	stevereads
phunt	igrigorik
phunt	dehora
phunt	HenryR
phunt	HenryR
phunt	siculars
phunt	shot6
crodas	mitchitized
crodas	mitchitized
crodas	hofmanndavid
crodas	felipernb
crodas	felipernb
crodas	ralsina
crodas	sh1mmer
dipankarsarkar	simplyarun
smarx	WadeWegner
smarx	eduardofv
jwelshiv	kbuffington
craigkerstiens	defrag
craigkerstiens	defrag
hillbig	preferred_jp
hillbig	preferred_jp
hillbig	preferred_jp
kbuffington	jwelshiv
kbuffington	jwelshiv
thegrubbsian	ayende
dnene	codemonkeyism
bernardlunn	tonybain
iamclovin	winstonyw
javalife	kevinweil
itworks	mikeferguson1
ryanTgarner	ethank
mattpodwysocki	scottcreynolds
mattpodwysocki	chadmyers
zii	kevinrose
mickey24	syou6162
falicon	lmai
pixelcat	zelandiya
pixelcat	zelandiya
samdelagarza	jasona
samdelagarza	jasona
htomoya	satoruf
pnschmidt	aviars
verbiee	joestump
ketszeri	benjamin_hu
cwire4	cloudera
cwire4	cloudera
kevinfoote	nkirsch
oraclenerd	TedC
oraclenerd	TedC
gnestor	infochimps
edward_ribeiro	tlipcon
edward_ribeiro	joestump
edward_ribeiro	boblozano
stomp_rasta	cloudera
edward_ribeiro	spyced
mikeloukides	cloudera
mikeloukides	cloudera
CameronNeylon	yokofakun
sigizmund	HD42
philwhln	rjurney
philwhln	rjurney
philwhln	rjray
philwhln	rjray
danfairs	drsm79
danfairs	drsm79
ancechu	xamat
ancechu	xamat
wpauley	slacloud
wpauley	mrudnick
schmichael	chmullig
blakesmith	RyanBalfanz
kurokikaze	dahankzter
seabird20	cote
oligoglot	BalaramanL
ralphschindler	skoop
kristtina	mathieubastian
kristtina	mathieubastian
kristtina	melly_g
kristtina	infochimps
theitskeptic	dbmoore
grantmichaels	mrflip
grantmichaels	JeffClark
tatsuya6502	shot6
tatsuya6502	shot6
tatsuya6502	shot6
tatsuya6502	m_mouri
tatsuya6502	m_mouri
tatsuya6502	m_mouri
tatsuya6502	m_mouri
tatsuya6502	shot6
tatsuya6502	m_mouri
tatsuya6502	okachimachiorz
tatsuya6502	shot6
tatsuya6502	redhotstar
tatsuya6502	okachimachiorz
tatsuya6502	shot6
tatsuya6502	redhotstar
tatsuya6502	redhotstar
tatsuya6502	redhotstar
tatsuya6502	redhotstar
tatsuya6502	yutuki_r
tatsuya6502	yutuki_r
tatsuya6502	yutuki_r
docwho76	charlesnw
docwho76	charlesnw
docwho76	charlesnw
docwho76	MarkZabala
davidgreco	esammer
meltic	nyaxt
infoarbitrage	andrewdeandrade
infoarbitrage	andrewdeandrade
infoarbitrage	andrewdeandrade
LeviDayley	factualinc
yashh	ianschenck
durana	btomasette
durana	btomasette
github	paulingham
github	fields
github	pda
github	jackowayed
futurescape	wimrampen
bmatt	kevinweil
ducban	TanNg
tmornini	randybias
litaocheng	awadallah
litaocheng	awadallah
znh	danzarrella
stephenodonnell	stevedupe
kbateman	seancribbs
schisamo	patrichards
taigou	taigou
davidsheardown	Scobleizer
gspettel	kevsmith
jimdowning	lescarr
invisiblejules	mndoci
invisiblejules	mndoci
brenes	pfcdgayo
brenes	Kilian
i_daisuke	groovers
abhinay	jfairbairn
kshep	stevegillmor
Helmke	appistry
roniburd	sbtourist
toomasr	nicktj
jimsu	esammer
jeffcd	twls
mazharhasan	matifq
christopherhuff	infoarbitrage
techthumb	mat_kelcey
jhorsley	tobymoore
adrianco	williamlouth
tommychheng	DataJunkie
tommychheng	DataJunkie
grosshat	furilo
kcpike	jacobonline
marshall_law	emmanuelbernard
Aashay	arthi_rad
jandot	mndoci
jandot	jaredtsimpson
patrichards	xcbsmith
mattellingsen	skkng
tkimuranet	micarom
tkimuranet	micarom
emilcardell	matthawley
kangfoo2	clofresh
24ok	bongole
JoyceSolano	geekyethan
mperham	markimbriaco
mperham	bigfleet
mandelbrot	infochimps
Dana_Gardner	CloudComputing3
Dana_Gardner	CloudComputing3
mstrohm	dtunkelang
ddej	map_maker
pacoid	sorenmacbeth
pacoid	jgrayla
jameskobielus	EventCloudPro
jameskobielus	EventCloudPro
jameskobielus	EventCloudPro
jameskobielus	EventCloudPro
jameskobielus	ccgillett
jameskobielus	ccgillett
jameskobielus	lmacvittie
BINC	dataspora
HornedKavu	Crazy_Owl
Quesada	tinjaw
nunoloureiro	geohot
Skreo	RomainMuller
timocratic	github
timocratic	github
statisticsio	codinghorror
ppraveen	mikeolson
al3xandru	mwanji
al3xandru	smn
al3xandru	phatduckk
jeremyday	peterurban
orian	dacort
roder	grantmichaels
EveSimon	mrflip
EveSimon	infochimps
phoch00	chrispirillo
Mullwar	whiter4bbit
rogerjenn	timoreilly
rogerjenn	timoreilly
rogerjenn	WadeWegner
wellsoliver	mrflip
flowingdata	infochimps
flowingdata	infochimps
flowingdata	AntoineTwitts
_pulsar_	woeye
eliast	danmil
eliast	mallipeddi
eliast	tlipcon
eliast	olemartin
eliast	kendall
eliast	peteskomoroch
tensigma	rjurney
tensigma	rjurney
tensigma	rjurney
tensigma	rjurney
tensigma	jpatanooga
tensigma	mengwong
tensigma	botchagalupe
tensigma	botchagalupe
tensigma	botchagalupe
tensigma	botchagalupe
tensigma	botchagalupe
tensigma	botchagalupe
tensigma	jpatanooga
tensigma	chriscurtin
markwbaur	drewconway
pfreet	rjurney
mikearsenault	infochimps
travelhead	SoftProj
gracerodriguez	inspired12
gracerodriguez	inspired12
shankariyer	CurtMonash
michaelbarton	mndoci
michaelbarton	wonko9
cestpasdur	gdarmont
markgunnels	stuartsierra
misswinnie	dhruvbansal
aeichenbaum	BlueBoxTraveler
fujibee	okachimachiorz
fujibee	ryu_kobayashi
fujibee	kumagi
fujibee	shot6
fujibee	okachimachiorz
fujibee	kzk_mover
fujibee	Agile_Cat
fujibee	marblejenka
fujibee	marblejenka
fujibee	Nakada_itpro
fujibee	kzk_mover
fujibee	shot6
fujibee	tokyomidtown
fujibee	negipo
fujibee	afujii
fujibee	shudo
fujibee	iwkn
arj	asteingruebl
neofreko	emileifrem
neofreko	rampok
neofreko	andry
bwhitman	tlipcon
bwhitman	tlipcon
jpb0104	botchagalupe
jpb0104	botchagalupe
silicon_valley7	Nakada_itpro
silicon_valley7	preferred_jp
aaronmorton	beccadownes
huyhong	kyleford
djbender	rlankin
djbender	rlankin
neilfws	mndoci
neilfws	mndoci
joblogs83	Cranialstrain
walshmichael	infochimps
srdill	stevedupe
nuin	michaelbarton
lukesilvia	sasata299
manishd	jboutelle
manishd	davenielsen
shupp	kimsterv
mwexler	awadallah
kprentiss	jimgroom
kprentiss	russeltarr
mitchitized	sukhchander
mitchitized	sukhchander
CouchDB	kevsmith
CouchDB	phaithful
CouchDB	davisp
CouchDB	cemerick
CouchDB	aviars
CouchDB	aviars
CouchDB	al3xandru
CouchDB	nickaugust
CouchDB	aslak_hellesoy
CouchDB	mgualtieri
zooko	Love_Hadoop
pingles	samnewman
pingles	samnewman
flipflopsnrice	MartindeWitte
the_tim	tableau
jongabriel	kevinmarks
billzeller	akalsey
leifwalsh	hsarvell
thequark	jdhok
selil	zenpundit
neilgall	mike9r
bluehavana	seancribbs
abrenna	umulius
abrenna	umulius
moondowner	gocemitevski
wllm	ijansch
mediatrustpete	flowingdata
mdhughes	siegel
dadicool	rafik
dadicool	bigdata
groovetini	LusciousPear
moonpolysoft	jwtodd
moonpolysoft	tlipcon
supaspoida	qrush
jfluhmann	mrflip
ngocnd	TanNg
summatusmentis	weikaolun
xBora	zzgavin
xBora	cansar
tlberglund	bsletten
phichai	lewcpe
phichai	lewcpe
KnutHellan	pyrat
botanicus	synopsi
botanicus	justinsheehy
lopta	kevinmatheny
chriscurtin	markkobe
chriscurtin	pfreet
chriscurtin	botchagalupe
chriscurtin	KentBeck
chriscurtin	jhaynie
campbellmichael	bbuck153
ryanlanciaux	JustinEtheredge
andraz	refaktor
andraz	refaktor
andraz	alexiskold
andraz	ptarjan
ronaldbradford	CaptTofu
ronaldbradford	CaptTofu
stunti	weierophinney
javadance	chanshik
javadance	chanshik
alexott	holmic
alexott	holmic
zieglerfe	zieglerfe
zieglerfe	infochimps
gsfak	dimle
choas	stuartsierra
choas	stuartsierra
DavidStrauss	otisg
jpkml	hadoop
mattcodes	nathan_stott
nealrichter	DataJunkie
nealrichter	samtingleff
nealrichter	samtingleff
nealrichter	communicating
nealrichter	peteskomoroch
nealrichter	DataJunkie
nealrichter	DataJunkie
nealrichter	peteskomoroch
nealrichter	metcalfc
nealrichter	metcalfc
nealrichter	metcalfc
nealrichter	metcalfc
nealrichter	tlipcon
nealrichter	peteskomoroch
nealrichter	neil_conway
nealrichter	samtingleff
nealrichter	mdreid
andreasdotorg	antirez
web2vietnam	epi_longo
smartbrain	rrystrom
myui	monizuka
myui	monizuka
myui	__ciruzzo__
DonaldEclipse	oisin
UtahGov	neilkod
tan_go238	nemoton
endamadden	jdrumgoole
behindtherabbit	mndoci
ojilles	guidmaster
bjd145	jasoncwarner
bjd145	jasoncwarner
bjd145	jasoncwarner
justinsheehy	bradfordcross
justinsheehy	bradfordcross
justinsheehy	frank06
justinsheehy	bluehavana
justinsheehy	al3xandru
shayang	hackingdata
jaxzin	metcalfc
jingsong	evankuo
sanjaymathur	jyarmis
frabcus	markng
edsu	blefurgy
MikeGrace	mikefarmer
paulborgermans	tonywood
paulborgermans	tonywood
JohnSimonds	monkchips
inspired12	infochimps
inspired12	gracerodriguez
jcsalterego	mrflip
jcsalterego	dacort
jcsalterego	dacort
peteskomoroch	cmcavoy
peteskomoroch	mndoci
peteskomoroch	hackingdata
peteskomoroch	hackingdata
peteskomoroch	CMastication
peteskomoroch	CMastication
peteskomoroch	adamnash
peteskomoroch	squarecog
peteskomoroch	CMastication
peteskomoroch	CMastication
peteskomoroch	klbostee
peteskomoroch	bradfordcross
peteskomoroch	hackingdata
peteskomoroch	hackingdata
peteskomoroch	nealrichter
peteskomoroch	nealrichter
peteskomoroch	i2pi
peteskomoroch	joshdsullivan
peteskomoroch	DataJunkie
peteskomoroch	rjurney
peteskomoroch	ChrisDiehl
peteskomoroch	drewconway
peteskomoroch	CMastication
peteskomoroch	CMastication
peteskomoroch	CMastication
peteskomoroch	lintool
peteskomoroch	pbrane
peteskomoroch	pbrane
ragavan	lmaugustin
marienborg	github
aarontbell	cleverfoo
jpaulolins	pcalcado
kevmarl	CleaSan
edyavno	carlcarrie
edyavno	carlcarrie
edyavno	jcposner
edyavno	jcposner
dansickles	NathanTFreeman
mentalguy	nicksieger
idefine	cloudera
idefine	cloudera
idefine	jmathai
idefine	Hwaet
idefine	kevinweil
idefine	LusciousPear
idefine	lintool
gblnetwkr	botchagalupe
gblnetwkr	kmullins
gblnetwkr	kmullins
robhague	petehague
juansequeda	mirven
blackbrrr	chadpaulson
madmongol	cloudera
madmongol	cloudera
madmongol	cloudera
slay2k	matthewkrieger
siva215	agoncal
freshtonic	auxesis
freshtonic	auxesis
jaapgorjup	truthtrap
rafib	LusciousPear
jaysonfalkner	mndoci
josephkelly	dannysullivan
josephkelly	ericshull
josephkelly	mikearsenault
garethdjames	kennethpbowen
seikoudoku2000	tamagawa_ryuji
BryanMigliorisi	lhillenbrand
BryanMigliorisi	lhillenbrand
bdeetz	reiger
will_j	hornbeck
ikai	dickwall
ikai	alejandrocrosa
marksands	RyanBalfanz
marksands	RyanBalfanz
marksands	RyanBalfanz
marksands	mint
strukhoff	stephenodonnell
RhysC	garry_stewart
cizer	realitydistort
cheeky_geeky	furukama
nickducoff	infochimps
nickducoff	mrflip
nickducoff	infochimps
nickducoff	infochimps
nickducoff	joshuabaer
infynyxx	prasannagautam
ayende	joshcoffman
ayende	mattcodes
ayende	RobertTheGrey
ayende	RobAshton
eugmandel	badxmaru
wahalulu	idefine
kazunori_279	kuenishi
kazunori_279	ichiro_satoh
kazunori_279	jniino
kazunori_279	jniino
kazunori_279	ryu_kobayashi
kazunori_279	shot6
vtripolitakis	javapapo
vtripolitakis	sonic2000gr
nicolaus	GeorgeReese
davidbgk	osdcfr
davidbgk	osdcfr
99designs	github
puneetla	cloudera
justinkistner	marshallk
savant	alexquick
mateuszb	fromz
damienstevens	cloudgroup
damienstevens	cloudgroup
skrenta	mthreat
vadivelk	ayende
__ciruzzo__	myui
JonGretar	Gommit
kannokazuhiko	miwazajemimah
subelsky	yegg
nrr	RyanBalfanz
nsillik	hectcastro
shiondev	jedhallam
shiondev	gigastacey
lukevenediger	mat_kelcey
lukevenediger	mat_kelcey
higayasuo	kis
scottsanchez	cloudbzz
PatParslow	chris_alexander
kscaldef	CanSpice
derekwillis	lucasjosh
puresock	plugawy
nasrat	adamhjk
nasrat	cloudera
nasrat	cloudera
nasrat	ripienaar
flight0001	cmilesbaker
akcoder	ak_hepcat
otoburb	terrycojones
itwasntandy	tcurdt
andefred	iconara
yusukei	yujis_ve
dwhsix	esammer
dwhsix	adpowers
tnkhr01	AzureMagic
frank06	justinsheehy
rwang0	simon_g
mcrute	iamfender
thecoffman	marksands
ajlopez	federicoboerr
ajlopez	lsbardel
ajlopez	lsbardel
ajlopez	lsbardel
ajlopez	lsbardel
hochidsp	k8em0
jrideout	eriwen
dukethug	hackingdata
krishnamoorthy	mattcutts
suman_ganta	samof76
LinuxScribe	bernardgolden
andrew311	Vertica
akshar	cloudera
ChrisDiehl	rjurney
ChrisDiehl	sogrady
ChrisDiehl	sogrady
ChrisDiehl	drewconway
ChrisDiehl	DataJunkie
ChrisDiehl	jakehofman
ChrisDiehl	peteskomoroch
ChrisDiehl	peteskomoroch
ChrisDiehl	peteskomoroch
ChrisDiehl	CMastication
chapmoni	jonnyroadley
beettlle	kvetchingeditor
Richard29	mikeolson
Richard29	otrajman
Richard29	cbisciglia
bbrowning	seancribbs
sistar	noahts
hue1120	DataJunkie
AdamKraut	delagoya
pythonix	gwillen
ikarzali	sbtourist
alex_gaynor	mjmalone
jaggeree	steve4good
danielfree	jeffz_cn
petewarden	jfox85
bfoo	sascha242
dpalmisano	tommasoteofili
Pollytics	mishaschubert
roidrage	monadic
msk_masaki	itayan
agaoglu	mozcelebi
gantner	aztecmonkey
geekyethan	kevinweil
matthewmccull	streetsofboston
matthewmccull	ejwinter
matthewmccull	pwiedel
matthewmccull	virtualandy
matthewmccull	daveklein
mkj6	Anant_Singh
kaiyzen	originalkj
omervk	haggais
omervk	haggais
himamura	okachimachiorz
supermaneesh	kirsn
kmerritt	vchalana
kmerritt	vchalana
markhneedham	pcalcado
chad_walters	cloudera
momo13	boggle
hlship	matthewmccull
miguelrios	kn0thing
miguelrios	kn0thing
peterneubauer	alisohani
forest520	powerwu
forest520	saintstack
forest520	x86brandon
jeromatron	stuhood
jeromatron	esammer
andy753421	curtclifton
rasga	jamesrbuk
rasga	infochimps
rasga	infochimps
g000001	making
finegameofnil	be_b
finegameofnil	chrisbaglieri
finegameofnil	chrisbaglieri
AAinslie	i2pi
AAinslie	marshallk
AAinslie	novaspivack
mihochannel	yumano
jherber	noradio
jherber	ikarzali
jfdm	angusmacdonald
absolut_todd	markaufflick
pattyluv	apple_guy
prasert	javaboom
prasert	javaboom
ckadam	krudin
salimv	infochimps
lesniewski	neil_conway
tableau	missrogue
tableau	the_tim
otherinbox	infochimps
conikeec	harper
conikeec	awadallah
conikeec	awadallah
conikeec	wefollow
conikeec	tlipcon
conikeec	awadallah
conikeec	JonGretar
conikeec	LusciousPear
conikeec	igrigorik
conikeec	LusciousPear
conikeec	igrigorik
conikeec	tlipcon
conikeec	tlipcon
conikeec	bradfordcross
conikeec	peteskomoroch
BenJDyer	rjurney
ivanassen	LusciousPear
piykumar	konarkmodi
klenert	tlipcon
shashivelur	mrflip
funkymarkus	Ensanguin
edsykes	jezhiggins
toluju	pengwynn
toluju	slinkygn
toluju	djspiewak
toluju	Simergence
toluju	NetNoir
toluju	NetNoir
toluju	joshdilworth
toluju	VTPG
toluju	klbostee
toluju	lucasjosh
ldipenti	gastonramos
rene_kapusta	flowolf
bmaso	martinzoldano
ssayer	eedrummer
randombug	cwensel
lawouach	tarek_ziade
MladenPrajdic	BrentO
OwenGreaves	RickRake
bjburton	n8han
bjburton	n8han
donalddotfarmer	williammcknight
tomkelshaw	nickhac
EugeneK	kazki
Hicks_PAX	LusciousPear
sunilnagaraj	ajaytoo
aguynamedben	rk
aguynamedben	kimsterv
pagameba	anutron
yodafan	ohshazbot
michaelhoffman	samidh
dfranke	tsally
wardbekker	MartijndeM
gebersole	voutilad
green_wind	syou6162
jpatanooga	lintool
jpatanooga	xefyr
jpatanooga	otrajman
jpatanooga	lhillenbrand
jpatanooga	esammer
jpatanooga	hackingdata
jpatanooga	singhgurjeet
jpatanooga	tensigma
jpatanooga	tensigma
jpatanooga	boorad
jpatanooga	ssuri
jpatanooga	MentalEffluvium
jpatanooga	timoreilly
jpatanooga	timoreilly
jpatanooga	jeffaltman
jpatanooga	jeffaltman
jpatanooga	jeffaltman
ekolsky	defrag
ekolsky	defrag
seancribbs	adamachine
seancribbs	anibalrojas
seancribbs	SamuraiJack8
seancribbs	arjunram
seancribbs	cowboyd
seancribbs	kevsmith
seancribbs	bbrowning
seancribbs	hobbyist
andreisavu	hannescarlmeyer
andreisavu	hannescarlmeyer
andreisavu	skitsanos
andreisavu	skitsanos
mturilin	platformlead
sshrin	kevinweil
DanHarvey	jonindc1204
DanHarvey	mendeley_com
patrick_h_lauke	codepo8
JAdP	nraden
JAdP	krishnan
JAdP	botchagalupe
JAdP	magicaltrout
JAdP	merv
JAdP	merv
JAdP	merv
sethweiner	DonMacAskill
ewhauser	mjasay
kweiner	charlesnw
kweiner	reinvigorate
kweiner	mdkail
kweiner	lawouach
uriebe	francis_dierick
jenn_lee_ca	MarkCunningham
gabvirtualworld	vRobM
ShweS	ccgillett
TheColonial	mat_kelcey
jasoncwarner	bjd145
communicating	DataJunkie
communicating	kendall
communicating	mathieuen
communicating	infochimps
communicating	marshallk
communicating	arjunram
cemerick	xefyr
cemerick	xefyr
cemerick	bradfordcross
JeremiahkT	acmurthy
RobAshton	Ben_Hall
RobAshton	Ben_Hall
colmuska	kurekure_kun
utopiah	infochimps
utopiah	infochimps
Zoudini	benhardy
Zoudini	stevereads
Zoudini	bradheintz
Rchards	tommyh
Rchards	FrankVanHarmele
willow0jp	macbook
willow0jp	macbook
willow0jp	macbook
dswan113	infochimps
steve_macdonald	RobTyrie
ys3	itawasa
ys3	itawasa
ys3	itawasa
ideamonk	yuvipanda
p1lonn	cloudera
mashraqi	bddemir
coryaltheide	adamjodonnell
arjones	dbasch
doncarlo	ryanqnorth
doncarlo	mrflip
doncarlo	alkalineearth
julikt	defunkt
NASA_SDO_HMI	TaviGreiner
NASA_SDO_HMI	benaud
sergeyche	gwhalin
w_katsura	mmtz
marblejenka	ashigeru
marblejenka	ashigeru
marblejenka	fujibee
marblejenka	fujibee
marblejenka	fujibee
marblejenka	fujibee
marblejenka	fujibee
marblejenka	fujibee
marblejenka	fujibee
rushiv	PKGulati
timperrett	frank06
timperrett	frank06
timperrett	dustinwhitney
aantono	jboner
dcolish	sheeri
shanmuganandhg	manikandakumar
michaelpearsun	mrflip
bendingoutward	stefannava
alkalineearth	lfeeney
alkalineearth	infochimps
alkalineearth	infochimps
alkalineearth	infochimps
NeilRaden	JAdP
NeilRaden	bitterer
NeilRaden	SethGrimes
dcouvering	mikeolson
pbarrera	yaiza
brendan642	peteskomoroch
RobertTheGrey	ayende
nttuyen	ndkhoiits
alsmola	mrshang
eugeneiiim	mndoci
squanderingtime	jaredmcfarland
squanderingtime	jaymcgavren
kenahoo	CMastication
gilliss	infochimps
Steve_Holcombe	john_chilmark
red_hedgehog	djSyndrome
semilshah	cdixon
toshi_miura	shot6
toshi_miura	shot6
toshi_miura	shot6
rcalmon	infoarbitrage
deanwampler	lisacrispin
ninh	peterc
rgeorge28	PaulMiller
rgeorge28	cloudera
rgeorge28	cloudera
rgeorge28	cloudera
fabricio_lemos	joellobo
mrgunn	labgrab
hmlwh	phploveme
ardell	boorad
dminer	parkto
tetsuoiwata	alohakun
JonRowe	ianibbo
josek_net	tumbukta
josek_net	sowe
josek_net	yaiza
gabehabe	MayContainMetal
odaken0824	kikeroga
m8ttyb	jcerise
cdonahue	infochimps
lant	gsoldevila
fiqus	miss_glitch
aefaradien	HolyHaddock
jeffhorrocks	TylerCoffin
jeffhorrocks	TylerCoffin
jeffhorrocks	TylerCoffin
jeffhorrocks	TylerCoffin
jeffhorrocks	TylerCoffin
jeffhorrocks	TylerCoffin
GregOstravich	matthewmccull
darthtrevino	xefyr
adpowers	rckenned
adpowers	dtrevino
adpowers	BlueBoxTraveler
mfacenet	funkatron
evankuo	jingsong
markhawker	davidlmorris
javaboom	prasert
javaboom	prasert
javaboom	prasert
javaboom	prasert
javaboom	prasert
rduplain	brendengrace
rduplain	brendengrace
rduplain	jeffvogelsang
thecryptic	thebigjc
StevenWalling	donpdonp
StevenWalling	donpdonp
JenJanson	vikkichowney
haandol	AI_Robotics
brettbobley	rdhyee
rastasmurf	cheese63
yo_sudou	sotarok
Truviso	ChrisDiehl
Truviso	jalter
Truviso	IntelligentEnt
Truviso	pakman
clynetic	veshi
clynetic	hmason
amicel	ogrisel
z33m	yuvipanda
wisequeen	patphelan
TechJournalist	mikeolson
SelfishMom	SassyCyndi
th0ma5	peteskomoroch
th0ma5	danja
th0ma5	irregulara
mybox	fujiyo
mybox	fujiyo
mybox	fujiyo
mybox	fujiyo
suehuskins	h0zae
TLewis3	eridine
hengdm	yangzhe1990
yehaskel	mrflip
mhkarmasphere	SavioRodrigues
FrancescoC	williamsjoe
baaluck	kcome
nairb774	ach_l
scotchi	arisohn
andresdouglas	tlipcon
ryansroberts	NeilRobbins
ryansroberts	hugoware
ryansroberts	scottgal
sfaxon	unclebobmartin
ssauer	sakacc
guyro	Beaker
ajaxan	willathome
PerilousApricot	evansde77
hwaara	giuliettamasina
10th543	moongift
efranconi	alisohani
lmai	JoeFernandez
lmai	falicon
patrickdebois	fs111
clemesha	parand
clemesha	scalar
ambuoroko	charliethier
znbailey	codinghorror
znbailey	codinghorror
znbailey	rjurney
znbailey	rjurney
Obdurodon	tv
jmelesky	SharonG
daijy	seanmont
saidimu	kevinmarks
yssk22	kuenishi
smj10j	larsgeorge
asadabbas	DataJunkie
brimurph	n8bowen
aduthie	mrflip
virtualandy	bsletten
cwhogg	kevinmd
hiuchida	lalha
ziobrando	lucagrulla
fritzek	ischroedi
fritzek	ischroedi
infochimps	dataspora
infochimps	infochimps
infochimps	tectonic
infochimps	The_Javelina
infochimps	brianthecoder
infochimps	infochimps
infochimps	walshmichael
infochimps	dhruvbansal
infochimps	lenbust
wonderchook	muziejus
jazz2midnight	robinmckinley
cansar	strlen
paulscott56	AntiThetical
paulscott56	jdtangney
paulscott56	timkeller
brucesnyder	monkchips
jordansissel	blueben
jordansissel	hackingdata
jordansissel	FunnelFiasco
jordansissel	FunnelFiasco
jordansissel	FunnelFiasco
jordansissel	FunnelFiasco
jordansissel	tlipcon
johnwohn	mrflip
tarek_ziade	lawouach
LusciousPear	dysinger
LusciousPear	markmadsen
LusciousPear	kevinweil
LusciousPear	ShanleyKane
LusciousPear	ceonyc
LusciousPear	mgualtieri
LusciousPear	mgualtieri
LusciousPear	strlen
LusciousPear	codinghorror
LusciousPear	nosql_topsy
LusciousPear	tlipcon
LusciousPear	emileifrem
LusciousPear	idefine
LusciousPear	idefine
LusciousPear	stuartsierra
LusciousPear	tlipcon
LusciousPear	technomancy
LusciousPear	technomancy
LusciousPear	kevinweil
LusciousPear	mlmilleratmit
LusciousPear	chrisbaglieri
LusciousPear	iamdietrich
LusciousPear	mndoci
LusciousPear	Hicks_PAX
LusciousPear	Liger
LusciousPear	agemooij
LusciousPear	thepetshopboy
LusciousPear	floleibert
LusciousPear	iamdietrich
LusciousPear	BlueBoxTraveler
LusciousPear	alisohani
LusciousPear	dysinger
LusciousPear	groovetini
LusciousPear	peteskomoroch
LusciousPear	ivanassen
LusciousPear	mrflip
LusciousPear	mrflip
LusciousPear	tonybain
LusciousPear	pbrane
LusciousPear	alisohani
LusciousPear	alisohani
LusciousPear	kimchy
LusciousPear	groovetini
LusciousPear	rjurney
LusciousPear	bradfordcross
LusciousPear	bradfordcross
LusciousPear	cloud_connect
LusciousPear	bradfordcross
LusciousPear	petersirota
LusciousPear	gzicherm
LusciousPear	rjurney
LusciousPear	wattersjames
LusciousPear	technomancy
LusciousPear	mikeolson
LusciousPear	mikeolson
LusciousPear	mikeolson
LusciousPear	markmadsen
LusciousPear	markmadsen
LusciousPear	rootwyrm
LusciousPear	cxi
LusciousPear	al3xandru
LusciousPear	kkrugler
rjurney	znbailey
rjurney	znbailey
rjurney	squarecog
rjurney	botchagalupe
rjurney	kevinweil
rjurney	JoshWatts
rjurney	JoshWatts
rjurney	JoshWatts
rjurney	JoshWatts
rjurney	nathanmarz
rjurney	nathanmarz
rjurney	squarecog
rjurney	ara_e
rjurney	kevsmith
rjurney	botchagalupe
rjurney	botchagalupe
rjurney	hackingdata
rjurney	arcadiy
rjurney	arcadiy
rjurney	michaelwilde
rjurney	michaelwilde
rjurney	michaelwilde
rjurney	michaelwilde
rjurney	michaelwilde
rjurney	michaelwilde
rjurney	michaelwilde
rjurney	michaelwilde
rjurney	jobtitled
rjurney	kevinweil
rjurney	pfreet
rjurney	derrickpeavy
rjurney	HeathWilkes
rjurney	HeathWilkes
rjurney	HeathWilkes
rjurney	philwhln
rjurney	philwhln
rjurney	HeathWilkes
rjurney	BlueBoxTraveler
rjurney	BlueBoxTraveler
rjurney	aquaman73
rjurney	mhaller1979
rjurney	livecipher
rjurney	livecipher
rjurney	botchagalupe
rjurney	botchagalupe
rjurney	ConnorFee
rjurney	ConnorFee
rjurney	ConnorFee
rjurney	tlipcon
rjurney	kevinweil
rjurney	jmstriegel
rjurney	jmstriegel
rjurney	jmstriegel
rjurney	jmstriegel
rjurney	jmstriegel
rjurney	jmstriegel
rjurney	CMastication
rjurney	jmstriegel
rjurney	jmstriegel
rjurney	datayoda
bigbluehat	CaseySoftware
bigbluehat	ithoughts_de
windlx	Fenng
windlx	Fenng
FrankAdman	infochimps
mayahjp	ReiOdaira
point8476	hisashi_yano
arisohn	scotchi
jubos	derekspringer
jubos	jacobburch
heisenthought	longcreative
eddieyoon	pinebanana
eddieyoon	achimnol
eddieyoon	Haha_Dad
jackbarakat	amyanxiety
husseymichael	steve_macdonald
satishd	mjasay
joaquindiez	jatorre
sleberknight	amccurry
atulskulkarni	DataJunkie
atulskulkarni	DataJunkie
atulskulkarni	DataJunkie
jondeandres	murciego
jondeandres	murciego
normalian	Nakada_itpro
normalian	Nakada_itpro
normalian	Nakada_itpro
hackingdata	dbmoore
hackingdata	XtremeData
hackingdata	rckenned
hackingdata	paulsalazar
hackingdata	paulsalazar
hackingdata	DavidJPoole
hackingdata	spooksandgeeks
hackingdata	pbrane
hackingdata	jordansissel
hackingdata	HenryR
hackingdata	mnshah
hackingdata	peteskomoroch
hackingdata	jameskobielus
hackingdata	tensigma
hackingdata	cutting
sunny36	codinghorror
sunny36	dadicool
sunny36	anjinpradhan
ogrisel	chl
ogrisel	mrflip
ogrisel	bradfordcross
ogrisel	communicating
ogrisel	pbrane
ogrisel	pbrane
ogrisel	pbrane
ogrisel	bradfordcross
ogrisel	hannescarlmeyer
ogrisel	mmcgrana
ogrisel	cwensel
NotE0157H7	oldhat
vivekrishna	kvijesh
xefyr	pbrane
xefyr	cemerick
xefyr	cemerick
xefyr	darthtrevino
xefyr	mndoci
xefyr	dysinger
xefyr	groovetini
xefyr	heatherwetzler
xefyr	SniperWulfzen
xefyr	maradine
xefyr	jacobian
joa23	cwensel
joa23	cwensel
kevinseattle	Werner
kerberus13	nenshad
wattsteve	fnordquist
wattsteve	mrflip
wattsteve	josephkelly
car4dave	scodal
cloudera	elicollins
cloudera	tlockney
cloudera	sethladd
cloudera	hackingdata
cloudera	hortovanyi
cloudera	hortovanyi
cloudera	weststar42
cloudera	scottyallen
cloudera	scottyallen
cloudera	bnewport
cloudera	katiefehren
cloudera	cwire4
cloudera	cwire4
cloudera	Johannhartmann
cloudera	kevinweil
cloudera	kevinweil
cloudera	schain
cloudera	sstrudeau
cloudera	efic1
cloudera	efic1
mhanco	Beaker
jasonrutherglen	otisg
actuary_math	infochimps
jimbojsb	youtube
insightspedia	ruv
nlfiedler	tonybain
James_Hatheway	orenmazor
afugate	hornbeck
afugate	hornbeck
alisohani	sclopit
alisohani	jrecursive
alisohani	cwensel
alisohani	rich_hutton
alisohani	olemartin
alisohani	infynyxx
alisohani	infynyxx
alisohani	CouchDB
alisohani	CouchDB
alisohani	CouchDB
alisohani	CouchDB
alisohani	RamonChen
alisohani	RamonChen
alisohani	nealrichter
alisohani	debasishg
alisohani	eugeneiiim
alisohani	mutru
alisohani	mutru
alisohani	peterneubauer
alisohani	jmhsieh
alisohani	keithsthomas
alisohani	owen_omalley
alisohani	aaroncordova
alisohani	peteskomoroch
alisohani	bradfordcross
alisohani	jswanhart
alisohani	LusciousPear
alisohani	amicel
alisohani	rgaidot
alisohani	Scobleizer
alisohani	Scobleizer
alisohani	sbtourist
alisohani	rgaidot
alisohani	rgaidot
alisohani	rgaidot
alisohani	infochimps
alisohani	rgaidot
alisohani	rgaidot
alisohani	elijahmanor
alisohani	wllm
alisohani	LusciousPear
alisohani	_hgavin
alisohani	psnively
alisohani	psnively
powerwu	yunjiong
ljarmin	erikeldridge
JeffGortatowsky	cmoreno77
mhkt	hoisie
mhkt	hoisie
cyc_ai	infochimps
cyc_ai	infochimps
MKTitsworth	toluju
darachennis	EventCloudPro
darachennis	EventCloudPro
darachennis	EventCloudPro
be_b	finegameofnil
be_b	finegameofnil
emmaguy	jamesbmarshall
weckerson	ColinJWhite
wadearnold	TechnologyIowa
wadearnold	LusciousPear
wadearnold	LusciousPear
wadearnold	hackingdata
wadearnold	alisohani
wadearnold	LusciousPear
wadearnold	spazm
wadearnold	cloudera
wadearnold	cloudera
wadearnold	xefyr
wadearnold	otisg
wadearnold	otisg
wadearnold	cloudera
hammer_ham	bangnew
yutuki_r	shot6
yutuki_r	seizans
yutuki_r	seizans
xallam	denkusr
xallam	jplazaarguello
cahaikes	monkchips
andrei_md	DmitryBaranovsk
duydo	James_Rubino
duydo	James_Rubino
williamsjoe	strlen
williamsjoe	LusciousPear
williamsjoe	meporter
williamsjoe	FrancescoC
joshcoffman	ayende
jitendra_	infynyxx
CSConnell	joshdsullivan
waseemsadiq	Marston
javatotto	cloudbzz
waysaku	just_do_neet
pedrogteixeira	pedrogteixeira
takumigashira	naoyuki0401
takumigashira	naoyuki0401
randygiusto	infochimps
AllEarsDeb	tronkowski
nuttycom	ijuma
aaronblew	tlockney
babogorilla	neilkod
elwaywitvac	joshdi
iamdietrich	strlen
iamdietrich	LusciousPear
merbist	sippndipp
johncmunoz	infochimps
akitada	squarecog
akitada	shinpei_ohtani
akitada	tanarky
akitada	tanarky
VictusFate	emahlee
battlecamel	nealrichter
rootuser	niteshbhatia
Vincent_Olivier	jfarcand
deinspanjer	infochimps
deinspanjer	johnolilly
wieding	old_sound
ianwaring	mpyeager
jkfzero	Fenng
refaktor	andraz
CandidGroup	om
CandidGroup	om
santisaez	forondarena
Hwaet	kevinweil
Hwaet	ctrochalakis
mnshah	jakehofman
mnshah	DataJunkie
mnshah	sys49152
mnshah	sys49152
mnshah	dpatil
mnshah	floleibert
kenguie	scottlabbott
briannoguchi	igrigorik
LucasRenan	jchris
givemeascream	xamat
sbourke	xamat
sbourke	xamat
sbourke	xamat
SashaKane	JoshSkolnick
andyliu1227	shinierball
alejandrocrosa	miloops
bird_owl	cloudera
bird_owl	cloudera
tlipcon	gleicon
tlipcon	trudyprins
tlipcon	squarecog
tlipcon	jordansissel
tlipcon	ericries
tlipcon	lenn0x
tlipcon	IanHolsman
tlipcon	jpatanooga
tlipcon	moonpolysoft
tlipcon	kevinweil
tlipcon	klenert
tlipcon	klenert
tlipcon	klenert
tlipcon	livecipher
tlipcon	arnabdotorg
tlipcon	mokele
tlipcon	LusciousPear
tlipcon	SlimTebourbi
tlipcon	SlimTebourbi
tlipcon	mikeolson
tlipcon	FrancescoC
tlipcon	kevinweil
tlipcon	lawouach
girltuesday	ChrisDiehl
m1ke_wallace	drsm79
m1ke_wallace	drsm79
skurfuerst	OlivierDo
nkhlss	amoghvk
nkhlss	milindesai
johnmgannon	cdixon
rkoopmann	rens2000
ctorgan	LaBlogga
LoriGama	infochimps
ccomb	ogrisel
sricanesh	vccarvalho
KentBeck	sylvanstargazer
KentBeck	bcarlso
aaroncordova	drewfarris
aaroncordova	James_Rubino
aaroncordova	zooko
delbius	truebethegreat
SethGrimes	NeilRaden
SethGrimes	NeilRaden
SethGrimes	jameskobielus
SethGrimes	kendall
SethGrimes	spooksandgeeks
tomiyan	__tak
Westernwizard	bradfordcross
deliprao	awscloud
deliprao	awscloud
deliprao	DataJunkie
deliprao	mrflip
deliprao	cognizr
deliprao	cognizr
deliprao	lintool
deliprao	lintool
deliprao	lintool
deliprao	lintool
deliprao	lintool
deliprao	lintool
miyer	WSJdigits
Notopi	Jconner05
sosiouxm3	basking2
WiredBarn	kevinweil
WiredBarn	kevinweil
magurski	jasonhas
CMatignon	casmrv
jonathan_oliver	justinsheehy
nirbheek	saurabhnanda
tommy_landry	infochimps
tommy_landry	myerman
mihchang	_takebon_
ssuri	utkarsh
ssuri	utkarsh
ssuri	vsergei
adamsane	Mikaiya
misternaxal	bbttxu
NunoCardoso	ivoanastacio
ian_soboroff	craig_macdonald
ian_soboroff	otisg
ian_soboroff	otisg
Dusual	ideamonk
eachus	PatrickTulskie
eachus	PatrickTulskie
katemats	jgrayla
niyalist	Mage_Whopper
niyalist	morimorihoge
ponderossa	rglenn
agent_x	aparajuli
krudin	nenshad
digitim	fingirl
mecredy	noellechun
mamersfo	rmastenbroek
bfhall	dickwall
shun0102	ut_ymgc
shun0102	ut_ymgc
shun0102	ut_ymgc
shun0102	ut_ymgc
tsvayer	evrenguden
l0r3zz	bigdataworkshop
l0r3zz	bigdataworkshop
l0r3zz	bigdataworkshop
sumihiro	ku_suke
ciurana	dhonig
ciurana	mikeolson
ciurana	DZone
colovirt	botchagalupe
tsally	dfranke
codemonkeyism	solarce
codemonkeyism	stilkov
codemonkeyism	stilkov
codemonkeyism	bantai
codemonkeyism	andrewmccall
codemonkeyism	andrewmccall
codemonkeyism	andrewmccall
krzycube	Fenng
olyerickson	infochimps
olyerickson	andyhickl
olyerickson	webr3
deepfoo	drewconway
ManoMarks	codepo8
alibaabaa	NeilRobbins
alexcapehart	reinvigorate
joshdsullivan	aaroncordova
christofd	michael_nielsen
jifa	Efratk
jifa	Efratk
vogella	wimjongman
markwilmshurst	_helmer
mattcoolidge	bigdata
ebwolf	danlyke
ebwolf	danlyke
jmstriegel	larsgeorge
jmstriegel	majones1973
leeblaylock	infochimps
ericdmoore	minenet
Stackingit	lukevenediger
ryanprociuk	JAdP
laufzeit	steveeichert
JasonStoltz	dgentile1022
djacap	cloudera
asfoster	raygrieselhuber
weikaolun	summatusmentis
masafumi_ohta	ibannieto
IAmDriverDan	chorn
lesmothian	llamallama
boobookittifukk	SSBxoxo
TechnologyIowa	wadearnold
midorio	Nakada_itpro
aidos	peterbowyer
svcotton	editchick
jaithemon	rashmi
NeilRobbins	markembling
NeilRobbins	colin_jack
bettisra1	mahesh6
arvenkatesan	awadallah
aroopmp	amalji
timwee	bradfordcross
kshashi	arjunram
kshashi	arjunram
himadripant	TheASF
sclopit	moritz_stefaner
sclopit	frankolken
Ann_Alytical	vinny2020
ianhf	LusciousPear
prerecorded	misslaurathomas
jsloand	eliast
emerydavid	stephenodonnell
emerydavid	stephenodonnell
BaronOfSweden	jholmberg
Oryctolagus	LeeBillings
lalitkumar	awadallah
mrdenny	dyfhid
shadwstalkr	bear454
shadwstalkr	bear454
deepwatrcreatur	hmason
ceekz	presri
DarkSmith	CouchDB
psnively	svrc
troyangrignon	the_spinmd
troyangrignon	the_spinmd
r351574nc3	warneronstine
owehrens	krasul
owehrens	codemonkeyism
BadCaseOfDaWins	dysinger
vccarvalho	gleicon
vccarvalho	porcelli
feziegler	infochimps
feziegler	candice1977
mattmireles	ckdarby
rossbates	mrflip
crazybillyz	softlayer
crazybillyz	softlayer
vicberggren	kevin_m
LeyonCN	forest520
pmonks	janl
ingcarlos	nobmann88
sakacc	ssauer
davekarpf	pascal
germoglio	mauriciojr
ngocha85	ducleminh
mikebabineau	paulretherford
gugat	jajub
galumay	JonoH
robsaker	analyticsfuture
shiki_lab	bena_
jmoisesreyes	baleksan
jmoisesreyes	baleksan
dataspora	peteskomoroch
dataspora	peteskomoroch
dataspora	saurabhnanda
dataspora	i2pi
dataspora	dpatil
jwfbean	cloudera
jwfbean	cloudera
radarcg	ryanobjc
radarcg	LusciousPear
taylorsan	hallrm
sandb	cwensel
xhidnoda	crodas
drewconway	DataJunkie
drewconway	gutelius
drewconway	DataJunkie
drewconway	jakehofman
drewconway	jakehofman
samohtsivraj	infochimps
barcoderobot	codewolf
barcoderobot	codewolf
metcalfc	LusciousPear
metcalfc	mja
metcalfc	jlongtine
metcalfc	jlongtine
metcalfc	wadey
metcalfc	nealrichter
metcalfc	nealrichter
metcalfc	adpowers
metcalfc	chriscurtin
metcalfc	chriscurtin
metcalfc	rjurney
metcalfc	agemooij
metcalfc	samtingleff
metcalfc	samtingleff
metcalfc	samtingleff
metcalfc	duck1123
metcalfc	duck1123
metcalfc	agemooij
metcalfc	cwensel
metcalfc	LusciousPear
metcalfc	LusciousPear
metcalfc	asbkmb
metcalfc	asbkmb
metcalfc	HBase
metcalfc	otrajman
amrithkumar	samanthastone
pcdinh	adbglobal
bbuck153	campbellmichael
chingshen	tzangms
chingshen	shinpei_ohtani
xcbsmith	kotaroito
xcbsmith	patrichards
bjornrud	marc_smith
langonej	wattersjames
floleibert	Karmasphere
floleibert	aguynamedben
floleibert	mnshah
nitinsalgar	SQLSoldier
thejasn	saurabhnanda
jeantessier	nickdella
rjudas	ruv
rschu	mike_acton
rschu	afterwise
teiati	cloudera
teiati	felipernb
teiati	cloudera
teiati	cloudera
joeharris76	mattcasters
xjs_jp	uprush
sascha242	bfoo
nicholasjones	pemulis
vchandru	paddix
vchandru	paddix
alecsharp	NeilRaden
kognitio	bitterer
jakehofman	leejb
jakehofman	drosen
jakehofman	ChrisDiehl
jakehofman	DataJunkie
jakehofman	kellan
jakehofman	xamat
nsteinmetz	kchodorow
ikeike443	techblogyahoo
da_robe	hadoop
semanticpc	xamat
plank10	romeosidvicious
easement	tobyjoe
EcoInteractive	dgerber2777
iconara	andefred
Wesley_Butler	lhillenbrand
wesleylynch	paulscott56
danielglauser	bsletten
danielglauser	matthewmccull
icerocket	aroxo
davidhstannard	znmeb
ourshelf	fredwilson
anibalrojas	Sutto
anibalrojas	sbidwai
anibalrojas	sbidwai
anibalrojas	iamdietrich
anibalrojas	iamdietrich
anibalrojas	jandot
anibalrojas	thibaut_barrere
anibalrojas	thibaut_barrere
anibalrojas	aslak_hellesoy
hamiltonulmer	semanticvoid
hamiltonulmer	sudara
ewhims	bobbo717
soplakanets	hkolk
soplakanets	hkolk
istweetingcool	neil_conway
abhishektiwari	alisohani
abhishektiwari	alisohani
abhishektiwari	agbiotec
abhishektiwari	tsarvind
abhishektiwari	tsarvind
abhishektiwari	cloudera
abhishektiwari	awadallah
puppy926	clowcard01
gilbok	chaeso
kurobara	9renpoto
chkal	mwessendorf
turboCodr	Staten7
winteram	scottjcounts
drewfarris	peteskomoroch
drewfarris	aaroncordova
alexlundry	nancyscola
DarlingNicky999	originalmp
DarlingNicky999	emti
scashin133	_angelo
scashin133	_angelo
mrtroi	johngarcia
sbtourist	jeppec
sbtourist	edward_ribeiro
mcraptor	hadoop
tyndyll	cimota
ddeepak4u	anup_99
gkob	sclopit
robocrunch	lintool
larsgeorge	ziromr
ChrisPaget	sintixerr
matt_massie	rossdmochowski
matt_massie	rossdmochowski
matt_massie	cloudera
matt_massie	cloudera
matt_massie	erickerr
matt_massie	tlipcon
hirohanin	squarecog
AmsterdaTech	fabiopimentel
hannescarlmeyer	peteskomoroch
hannescarlmeyer	flowingdata
hannescarlmeyer	MaineC
hannescarlmeyer	andreisavu
pcp071098	colinhowe
pcp071098	colinhowe
grauwulf	spelchec
mikepeloquin	jowyang
johnprendergast	mikeolson
johnprendergast	mikeolson
Croisan	tom_e_white
sark1001	feodor_666
darkhelmetlive	mm53bar
jonathonwatney	pjhyett
gundam_Mk2	yusukei
tanyear	Fenng
tanyear	Fenng
Velona	mat_kelcey
firmanmisme	ronaldwidha
MaineC	tcurdt
krispyjala	parand
landir	otaviosimoes
rtacconi	logicoder
XMLSDK	chpapa
textwise	mgarl
prpatel	matthewmccull
prpatel	matthewmccull
imyousuf	rajputro
onlyopensource	andrewmccall
eegilbert	redlog
kristofd	mariuswatz
pirroh	rgeorge28
pirroh	rgeorge28
freemicronews	toodolist
xigme	stunami
TandooriKnight	lhillenbrand
TandooriKnight	lhillenbrand
BradleyF81	eleanorpyc03
ktlacaelel	Ocap68
karenlilla	glynmoody
karenlilla	glynmoody
karenlilla	glynmoody
cbisciglia	JoeFernandez
cbisciglia	JoeFernandez
bob_calder	Kevin_Jackson
joesuf	cutting
joesuf	cutting
cafewill	gaiaville
stanabe	ytsuji11
spear_12	Philpedia
mattwdelong	infochimps
matyjas	phobeo
runsaturday	veufre
awws	andykent
awws	glenngillen
Anant_Singh	tlipcon
Anant_Singh	vijay2win
Anant_Singh	_tomg
Anant_Singh	eahiv
Anant_Singh	jeffz_cn
MarkGStacey	rolandbouman
MarkGStacey	siah
void_akira_void	audioswitch
GuiasLocal	biz
echo_khannedy	panggi
aviars	CouchDB
aviars	IdentityWoman
sasaki8	MrDaibutsu
editchick	CheriSigmon
editchick	FireScope
editchick	svcotton
fogonwater	Aethylred
steveloughran	tcurdt
steveloughran	jplana
steveloughran	jplana
steveloughran	ajlopez
pillowguerrilla	poloassassin
pillowguerrilla	poloassassin
maslett	merv
AsterData	ansonism
Pentaho	jameskobielus
vigneshmiriyala	bharath_v
vigneshmiriyala	bharath_v
LazyShion	nogamiryj
LazyShion	y_benjo
optian	cloudera
marcparry	striphas
mahatabot	tatenosystem
schapirama	LusciousPear
wamalone	boorad
keithsthomas	alisohani
tarantulae	bigodines
tarantulae	bigodines
mohakprince	prolificd
mohakprince	slideshare
freenerd	hackcamp
sheynkman	svrc
sidudun	divitri
matakeuchi	jimey
rampok	neofreko
rampok	neofreko
_hgavin	mrflip
JanWillemTulp	freekl
JanWillemTulp	agemooij
JanWillemTulp	agemooij
JanWillemTulp	agemooij
bigodines	ivandojr
bigodines	vivekrishna
DirkSunValley	jessesanford
damiendonnelly	rww
Sunyoung_Park	minkc1
PhilRack	CMastication
klakegg	dagur
leonardopinto	gutomcosta
mujiang	NinGoo
mbenlaml	asiajanus
Venckelino	DaBourz
niwaken	tcsh
tomhcooper	thetechrevo
salmenen	fukuyama09
salmenen	fukuyama09
salmenen	Ikawe
salmenen	Ikawe
suhass	codie
clinek	gabvirtualworld
flowolf	rene_kapusta
haewoon	kimws
williamweber	LusciousPear
stayscout	github
mhaller1979	erikrozendaal
mhaller1979	pingles
mhaller1979	rjurney
mhaller1979	rjurney
rajputro	imyousuf
rajputro	imyousuf
rajputro	imyousuf
noony	irldexter
oldyoungj	stvchu
80nashi	matuzaki
80nashi	matuzaki
tsetem	tv
tsetem	tv
FlightCaster	bsiscovick
BrittBertCao	xefyr
_daiki	kimtea
EvilBobbsy	kihitara
twikilist	ogrisel
twikilist	ogrisel
BenjaminJonez	evansneath
BenjaminJonez	evansneath
bwishan	reinvigorate
calandrake	franciscomesa
daveselinger	jonathanmendez
Simergence	kevsmith
konarkmodi	piykumar
konarkmodi	dpmohali
wluka	sogrady
SethOtter	vreahli
NafeesaE	Sparkbouy
cheapmobilesuk	TwitdomUpdates
stuartsierra	choas
stuartsierra	markgunnels
stuartsierra	debasishg
stuartsierra	dysinger
stuartsierra	bradfordcross
stuartsierra	bradfordcross
sturlese	cutting
tomotaka_ito	niyalist
tomotaka_ito	niyalist
sbilly	flierlu
kimmobj	vonsydow
lhillenbrand	esammer
lhillenbrand	esammer
lhillenbrand	drenz
everyevery	powermugk
Agile_Cat	kazunori_279
Agile_Cat	okachimachiorz
Agile_Cat	shot6
Agile_Cat	junichia
Agile_Cat	chnt2010
Agile_Cat	chnt2010
Agile_Cat	dyechan
Agile_Cat	Japan_Clouds
Agile_Cat	in_the_crowd
Agile_Cat	shot6
Agile_Cat	okachimachiorz
Agile_Cat	_nat
Agile_Cat	Nakada_itpro
Agile_Cat	shot6
Agile_Cat	eiichirouchiumi
Agile_Cat	dragon119
Agile_Cat	ttkkmg
Agile_Cat	nsharp_2ch
Agile_Cat	nsharp_2ch
Agile_Cat	shot6
Agile_Cat	shita
Agile_Cat	nemoton
Agile_Cat	matakeuchi
Agile_Cat	n_yana
Agile_Cat	yunh
dybvandal	klimpong
egonwillighagen	yokofakun
egonwillighagen	mndoci
egonwillighagen	mndoci
r0derik	nettuts
jerepick	jny2
jerepick	jny2
just_do_neet	waysaku
just_do_neet	kohei_april20
SearchCzar	seomasterlist
SearchCzar	seomasterlist
gkrishnan	abhinandkr
jeppec	sbtourist
LooppaCosmos	cloudera
LooppaCosmos	cloudera
mich8elwu	znmeb
tguemes	JaimeObregon
tguemes	JaimeObregon
robertlofthouse	garethr
fbahr	ViRAms
kyleisaacs	mikeyk
elmuertecom	BobGneu
sasata299	kansai_takako
sasata299	kamipo
sasata299	ryoff
SeanChittenden	neil_conway
tobyhowl	obigabu
TedWon	fharenheit
dnhub	isshiki
paulsalazar	ewantoo
paulsalazar	NeilRaden
paulsalazar	timoreilly
chrisrueger	keimlink
tech_stream	chieftech
stouset	samsm
kentindell	dgiffin
lucagrulla	ziobrando
Greencognito	mjasay
z0r	kornerik
iron9light	mtnygard
iron9light	mtnygard
QuaSSI	QuaSSI
nirajtolia	hackingdata
eiichirouchiumi	hnamekawa
ASOBrasil	pcalcado
iafdcom	sfexplosive
ajdevries	jukkaz
cognizr	infochimps
cognizr	deliprao
pwiedel	matthewmccull
pwiedel	matthewmccull
kevingashley	msarahwickham
hkokko	hoopeekoo
jakedouglas	jamesgolick
RamonChen	mikeolson
RamonChen	mikeolson
RamonChen	mikeolson
RamonChen	CloudFutures
RamonChen	merv
RamonChen	Zuora
RamonChen	appirio
RamonChen	appirio
masonhale	josh_wills
atosh_atosh	kis
jolbrich	dirkkirsten
jolbrich	skliche
owen_omalley	rgaidot
owen_omalley	tfmorris
owen_omalley	hackingdata
owen_omalley	hackingdata
owen_omalley	timconverse
owen_omalley	gridsolutions
owen_omalley	gridsolutions
unixronin	adamjodonnell
basking2	sosiouxm3
basking2	stuartsierra
nbrgraphs	infochimps
jdhok	thequark
mikedewar	drewconway
inuwarumono	novamontien
tomflah	matthewmccull
DrQz	gwenshap
drsm79	mattycurry
drsm79	pszczypka
drsm79	jim_brooke
drsm79	danfairs
nicktj	ConnTravels
nicktj	TophyMastery
nicktj	TophyMastery
nicktj	kevinweil
nicktj	kevinweil
nicktj	seelmann
nicktj	seelmann
nicktj	toomasr
kamemoge	pontuyo
saileshkrish	CurtMonash
cmoreno77	dshimy
muratotti	kzk_mover
muratotti	muratotti
gleicon	tlipcon
gleicon	tlipcon
l0nwlf	slideshare
l0nwlf	slideshare
l0nwlf	miniorb
techberto	steppat
krasivy	infochimps
derrinyet	infochimps
achimnol	DongwooKim
achimnol	eddieyoon
kashi_pong	sla
XMrsBrownstoneX	susan01563
digash	nathanmarz
santaferraro	ryanprociuk
ElevateRG	sureddy
gabrielebozzi	patrickdebois
teamswivel	sstrudeau
mat_kelcey	DataJunkie
mat_kelcey	DataJunkie
mat_kelcey	DataJunkie
mat_kelcey	DataJunkie
mat_kelcey	lukevenediger
mat_kelcey	lukevenediger
mat_kelcey	justinfreitag
mat_kelcey	James_Rubino
mat_kelcey	TheColonial
mat_kelcey	lukevenediger
mat_kelcey	alexdong
derekbrown7	esammer
derekbrown7	acmurthy
derekbrown7	esammer
cpiatko	finegameofnil
notquiteabba	lenbust
buildingsystem	ijustinj
zpratt	developerworks
tordable	sramanan
talaesun	mochawan
tbroyer	nancygarrity
lammiia	naglarzk
saintstack	tlipcon
saintstack	beatty
cloudguru	hiveat55
keihigu	watabou
lenbust	tom_e_white
lenbust	tom_e_white
lenbust	infochimps
lenbust	infochimps
lenbust	notquiteabba
jmwphoto	mashable
ulto	Agile_Cat
aptor	9Apache9
Rainstor	RamonChen
edbizarro	metalrufflez
wellross	maks_20
Pythonner	jdcryans
Pythonner	andy_c
Pythonner	andy_c
mr_bo_jingles	mndoci
mr_bo_jingles	mndoci
ryoff	sasata299
chanshik	javadance
yoikawa	kzk_mover
miminashi	_osi
miminashi	RKTM
f1seo	jbrooksuk
l404	guao
ZipperTheory	infoarbitrage
jessicathrasher	IdentityWoman
sseehh	twarko
tom_e_white	jordansissel
tom_e_white	dickwall
tom_e_white	cutting
tom_e_white	cutting
tom_e_white	acmurthy
ReneFoobar	_robin
ototadana	k2wd
ototadana	k2wd
liebke	bradfordcross
tubfun	barndrama
DomLevin	zhenjl
HeathWilkes	rjurney
andoma	hult
john_avery	tibbetts
john_avery	tibbetts
john_avery	EventCloudPro
john_avery	EventCloudPro
john_avery	bevelson
john_avery	darachennis
john_avery	carterpage
john_avery	stephennimmo
juddwheeler	mattgalloway
rebelbrown	leadershipcoach
milesEfron	infochimps
djdonnell	diminish7
djdonnell	headius
niteshbhatia	rootuser
MissKatyKeene	saetaes
livecipher	rjurney
livecipher	rjurney
truthtrap	mail2mayank
SuzanneWong	parulia
eordano	scoffey
groovers	dtw1995
tonyreinhart	FunnelFiasco
kchodorow	brandon_rhodes
seliopou	tlipcon
seliopou	tlipcon
shima__shima	toyodam
storminwalker	tonybain
storminwalker	mattgeeknz
Guutara	okachimachiorz
Guutara	nkjm
Guutara	shot6
Guutara	kzk_mover
JustinAzoff	lintzston
jswanhart	josvandongen
jswanhart	joeharris76
jswanhart	jcannonb
criccomini	fourbitsdotcom
criccomini	fourbitsdotcom
klbostee	peteskomoroch
klbostee	toluju
klbostee	skr
klbostee	jxu
ScarlettLetters	annanabanana
sknn	suppai_milk
sknn	cloud_1topi
BlueBoxTraveler	nathanmarz
BlueBoxTraveler	hornbeck
BlueBoxTraveler	jdcryans
BlueBoxTraveler	tcurdt
BlueBoxTraveler	jchris
BlueBoxTraveler	ryanobjc
BlueBoxTraveler	xoclipse
BlueBoxTraveler	ryanobjc
BlueBoxTraveler	akitada
BlueBoxTraveler	mat_kelcey
BlueBoxTraveler	LusciousPear
BlueBoxTraveler	xefyr
BlueBoxTraveler	bradheintz
BlueBoxTraveler	bradfordcross
BlueBoxTraveler	jmhodges
BlueBoxTraveler	phuff
BlueBoxTraveler	jmhodges
BlueBoxTraveler	Hakcer
jaredlander	drewconway
jaredlander	CMastication
Oopsoopskeke	myditto
Fire_Tom	clavicle_
Fire_Tom	nkg3
Fire_Tom	nkg3
juokaz	joedevon
GregRahn	neilkod
ohtsuki	manu3da4
muratdemirbas	neil_conway
saptarshir	pmorelli
Hippotas	nirajtolia
Frank_Scholten	gsingers
extelligence0	tarox
eissonnie	jandersen
pkuchta	carletes
syncmitter	russferriday
schmidtstefan	adaptorel
dbalatero	gsingers
bobfeldbauer	larsgeorge
bobfeldbauer	jordansissel
azurewraith	nicktj
azurewraith	nicktj
wattersjames	paintrichpaint
wattersjames	Beaker
cloudbzz	botchagalupe
cloudbzz	botchagalupe
bradfordcross	CMastication
bradfordcross	cloudera
bradfordcross	cloudera
bradfordcross	fogus
bradfordcross	fogus
bradfordcross	peteskomoroch
bradfordcross	cloudera
bradfordcross	DataJunkie
bradfordcross	DataJunkie
bradfordcross	peteskomoroch
bradfordcross	dysinger
bradfordcross	LusciousPear
bradfordcross	LusciousPear
bradfordcross	stuartsierra
bradfordcross	semanticvoid
bradfordcross	febeling
bradfordcross	xefyr
bradfordcross	LusciousPear
bradfordcross	cemerick
bradfordcross	liebke
bradfordcross	ravi_mohan
bradfordcross	alexott_en
bradfordcross	ogrisel
DongwooKim	aka_sato
SerefArikan	alpayerturkmen
spyced	newtman
spyced	maxgrinev
spyced	maxgrinev
spyced	ryanobjc
spyced	nenshad
spyced	nenshad
spyced	jmhodges
spyced	stevenn
spyced	lennox
spyced	alexconrad
spyced	alexconrad
brendengrace	rduplain
pswam	mikeolson
mikeinmymouth	ARPmike
ravi_mohan	hitezh
syl112	syl112
kumagi	okachimachiorz
sdh5724	sky000
_tarun	metcalfc
arun_anand	infochimps
n_pandey	DZone
433t	app_engine
vongillern	toranb
johnwelshphd	Desamus1
SuperSaiyinX	deftones3300
Tubanter	dawuss
apiplani	ShlomoSwidler
adrienlm	Grummfy
LeeBillings	Oryctolagus
andrew_clegg	fruit90210
Freakalytics	krees
tanjiaqi	eugeneiiim
cwetherbee	mccreavy
vRobM	gabvirtualworld
vRobM	gabvirtualworld
vRobM	rootwyrm
passion4process	johnrrymer
acmurthy	tlipcon
acmurthy	jpatanooga
KiwiBeliebers	itsBekaa
AuntiSpam	moomdede
AuntiSpam	moomdede
gemstonesystems	tamassimon
jdcryans	wadearnold
holmic	zahardzhan
yonghosee	mollaxz
1VQ9	DRZ400SM
sao_a	tnkhr01
soozworld	stephenfry
Forensication	8ball_
j2labs	leahculver
BrunoFantin	lornlab
marcusherou	cloudera
barendgarvelink	jhkuperus
hpcprogrammer	madduri
yogit	Fire_Tom
BytePatent	rgaidot
BytePatent	rgaidot
kyleopeterson	flowingdata
hashopensource	hashopensource
GreylockVC	TechCrunch
GreylockVC	TechCrunch
nogamiryj	LazyShion
tettsyun	jmizuno
tettsyun	mamoruk
tettsyun	mamoruk
tettsyun	mamoruk
tettsyun	tkng
izendejas	derekspringer
izendejas	DataJunkie
izendejas	semanticvoid
jclouds	bradfordcross
dinoamaral	luticm
soli2ude	eddieyoon
chocgiraffe	Ppoul
nohmad	cetauri
nohmad	cetauri
xavieralexandre	xiiiiiiiiii
TwitApeksha	ntmartin
TwitApeksha	vzaliva
TwitApeksha	hadoop
TwitApeksha	nlpbot
namu01	utkarsh
loggly	vRobM
jakerorg	aquative
madvirus	ctemplate
CMastication	DataJunkie
CMastication	rjurney
CMastication	drewconway
CMastication	mikedewar
CMastication	pkedrosky
CMastication	jaredlander
CMastication	jaredlander
CMastication	DataJunkie
CMastication	bradfordcross
CMastication	peteskomoroch
CMastication	hadleywickham
CMastication	vsbuffalo
CMastication	rjurney
CMastication	peteskomoroch
CMastication	peteskomoroch
CMastication	neilkod
CMastication	rjurney
CMastication	esammer
CMastication	esammer
CMastication	daniel_levine
CMastication	johnmyleswhite
CMastication	johnmyleswhite
CMastication	peterflom
CMastication	peterflom
CMastication	peteskomoroch
CMastication	ryanprociuk
CMastication	neilkod
CMastication	fdaapproved
CMastication	fdaapproved
CMastication	numbercrunching
CMastication	kenahoo
CMastication	kenahoo
CMastication	kenahoo
jessesanford	DirkSunValley
timrobertson100	fak3r
plantimals	RyanBalfanz
williamshields	codinghorror
n0mad_0	mariagrineva
sleveo	web20show
jplazaarguello	llanchi
gridsolutions	tlipcon
mikeferguson1	itworks
mikeferguson1	itworks
mikeferguson1	AndrewLampitt
FunnelFiasco	tonyreinhart
FunnelFiasco	jordansissel
andrewserff	virtualandy
keimlink	Pe_D
keimlink	feuervogel83
MarkDowe2010	science_book
hashubuntu	keithsthomas
ROIFactory	economist
jarroddungan	timoreilly
royalfrasier	erichter
kazz12211	nuky2009
agemooij	cloudera
ushiday	n_yana
RyanBalfanz	marksands
RyanBalfanz	marksands
jtuberville	GaryRudolph
panggi	echo_khannedy
panggi	ydn
muratk3n	damienfrancois
ShlomoSwidler	kweiner
ShlomoSwidler	kweiner
ShlomoSwidler	kweiner
ShlomoSwidler	kweiner
ShlomoSwidler	troethom
ShlomoSwidler	vambenepe
kenji_rikitake	voluntas
kenji_rikitake	voluntas
LeoJTravis10	Supakitsune
brockpalen	laforgetm
BigDataLabs	cloudcel
sgsinclair	sramsay
sgsinclair	sramsay
sgsinclair	sramsay
psnively	svrc
mike_schatz	agbiotec
squarecog	ekampf
squarecog	ekampf
squarecog	ronpepsi
squarecog	awadallah
squarecog	rckenned
squarecog	nathanmarz
squarecog	kevinweil
squarecog	aarondemello
squarecog	combacsa
squarecog	nealrichter
squarecog	neil_conway
squarecog	tanjiaqi
squarecog	BlueBoxTraveler
squarecog	akitada
squarecog	cloudera
squarecog	bagheer
squarecog	rjurney
manyfun	arisohn
derik66	krishnan
kevinnuckolls	olabini
maxinsamuel	viveknv
adeeonline	asadabbas
nathanmarz	daniel_levine
nathanmarz	bradfordcross
nathanmarz	bradfordcross
reboltutorial	DZone
silente0	combacsa
sh2nd	kazunori_279
manu3da4	ohtsuki
manu3da4	ohtsuki
semanticnews	amicel
sgxiao	Anant_Singh
kitora_naoki	mitoma_ryo
kaeser79	crodas
kaeser79	crodas
hfakhry	Rana_Asaad
tkang1	yongsubshin
perverstraw	AyakoBaba
allowingsuccess	BigDaddyData
ichimura_vl0c0l	n3104
dnyou	phploveme
vcdx001	2009
yangzhe1990	hengdm
twivik	research
twivik	research
stuart983	liuxu1002
joopbie	kookii
guilespi	alvrod
gaiaville	opensearch
luoli523	minzhou
bradpiercephd	ocoudert
mahmoudimus	cloudera
mahmoudimus	lintool
ryu_kobayashi	nemoton
ryu_kobayashi	okachimachiorz
Metztli_IT	linuxdeveloper
Metztli_IT	linuxdeveloper
Metztli_IT	linuxdeveloper
TiredFairy	esammer
shift9	esammer
shift9	esammer
shift9	esammer
shift9	esammer
shift9	esammer
gsingers	dbalatero
gsingers	nealrichter
gsingers	bigodines
gsingers	apiplani
hrsh7th	koujirou
gianlucaSB	intel_chris
dyeanddye135	siritori
nkenya3	bwv1043
no_24oka	Agile_Cat
carlcarrie	edyavno
carlcarrie	edyavno
carlcarrie	edyavno
carlcarrie	edyavno
_Wrider	abbyleafe
tweepml	infochimps
tweepml	infochimps
tweepml	infochimps
moomdede	AuntiSpam
rolandbouman	dybvandal
rolandbouman	communicating
rolandbouman	MarkGStacey
combacsa	silente0
FrankVanHarmele	Rchards
jkanni	rnella01
rlpow	mrudnick
kojinaka	rinmon
fallenprogrammr	douglasp
kkrugler	xefyr
kkrugler	LusciousPear
nrathaus	frednecksec
zevans23	Jetneuf09
jtoft	bcurren
neil_conway	squarecog
neil_conway	SeanChittenden
neil_conway	nealrichter
neil_conway	istweetingcool
neil_conway	saileshkrish
neil_conway	bigdata
neil_conway	tlipcon
neil_conway	tlipcon
neil_conway	tonybain
webpasteur	mtothen
fj_	y10n
fj_	y10n
EinVogel___wtnb	tsubasashi
aeolusfiaa	cutting
aeolusfiaa	tom_e_white
aeolusfiaa	tom_e_white
FOSSwiki	melly_g
BradleyF81	eleanorpyc03
junya100	imatakutin
shezgone	hwanja
KuniSuzaki	sakaiat
HMOYTown	pinoystartup
wamusu	newmst
wamusu	newmst
wamusu	newmst
wamusu	newmst
faust45	CouchDB
steve_dine	joeharris76
3110	ar1
jlroyalty	sstrudeau
jlroyalty	sstrudeau
SNReimersDahl	mikeolson
kulbirsaini	kinshul_v
platformlead	cloudera
platformlead	mturilin
twitlist	alex_buz
f_lombardo	CouchDB
robotgeek	RyanBalfanz
nsharp_2ch	shot6
nsharp_2ch	shot6
nsharp_2ch	okachimachiorz
nemoton	ryu_kobayashi
nemoton	ryu_kobayashi
patuvol	wuitap
vinaysudershan	amansk
masahif	key3
masahif2	chocoii
toby_mc	Werner
dm_the_company	martinzoldano
tomo_wb	syou6162
Terran_Systems	tristanbuckner
kimsokju	channyun
jojoAtHanawa	shinji0000jp
craig_macdonald	ian_soboroff
craig_macdonald	ian_soboroff
craig_macdonald	ian_soboroff
craig_macdonald	ian_soboroff
craig_macdonald	ian_soboroff
craig_macdonald	ian_soboroff
dennishafley	weckerson
m_mouri	yukotan
m_mouri	okachimachiorz
m_mouri	fujibee
m_mouri	enakai00
m_mouri	m_mouri
m_mouri	tatsuya6502
m_mouri	Agile_Cat
m_mouri	shot6
crazyaboutliv	xamat
crazyaboutliv	xamat
bradclow	DamonOehlman
TweetMeNews	connerz0rz
TweetMeNews	alanirwin
rshriram	ravenben
matsunobu	cloudera
preferred_jp	kzk_mover
wChoosak	korbsak
nicolastorzec	infochimps
matsuryu	ohsuga
twasink	michaelneale
twasink	paul_okeeffe
usagisanha	amesigure
peglarr	techmute
prhacker	mrflip
learnivore	olabini
wwwprofi	netzpolitik
odadph	digitoktav
erikrozendaal	basking2
speyronnet	baxxx
tocci3	kodamashi
tocci3	hamburger_kid
kiritter	shokiri
funa_501	techblogyahoo
ka_neo	kaharada
ka_neo	kaharada
vsbuffalo	drewconway
vsbuffalo	DataJunkie
vtoroman	mdkail
vtoroman	mdkail
vtoroman	mdkail
thisoneispaul	yy1ng
dany1468	miccweb
PauloGaspar7	lucastex
PauloGaspar7	strlen
sakaiat	KuniSuzaki
sakaiat	KuniSuzaki
bevelson	josvandongen
bevelson	josvandongen
bevelson	CurtMonash
summitbid	matthewmccull
saori_murooka	hyakutem
gagcartoons	infochimps
yamakenn	yacchin1205
michio009	zephiransas
sugipooh	kitayama_t
ichiro_satoh	kazunori_279
ichiro_satoh	Nakada_itpro
ichiro_satoh	Nakada_itpro
rguha	abhishektiwari
rguha	rguha
varun_roflmfao	vigneshmiriyala
wshxzt	shen72
bdsays	80legs
zenra_bot	clairvy
osmandros	acmurthy
nangin007	TerryCho
mongohq	zenom_
SuperRona	chingshen
hikaruhorie	neko_machi
Web2N	Web2N
Web2N	Web2N
Web2N	Web2N
Web2N	Web2N
Web2N	Web2N
Web2N	Web2N
Web2N	Web2N
Punken123	pixgreenday
kmuroi	ysaotome
chnt2010	Agile_Cat
AudibleOddities	rr
theplanis	igrigorik
NateScharer	VidasM
lynxluna	exavolt
tatakaba	paming
vermorel	James_Rubino
vermorel	chrishayuk
do_daisuke	matetsu
pavlobaron	jboner
maokit	n_yana
theseacreature	mambenanje
dentomo	ryu_kobayashi
dentomo	inao
dentomo	inao
dentomo	shot6
glouppe	thoefler
z0ltanz0ltan	PrabhuK
hirano_2475	yutuki_r
hirano_2475	yutuki_r
joshdevins	florind
joshdevins	ddossot
ponta3rd	you_and_i
_ayapan_	satoshinji
jessverr	evan
NJFEurope	cloudify
NJFEurope	BlueBoxTraveler
NJFEurope	dueckes
NJFEurope	arbovm
berngp	aalmiray
matometter	sasata299
disclojure	LauJensen
milesosborne	YahooLabs
LauJensen	disclojure
tbielawa	rhussmann
tetendo	ji_ku
tetendo	takerou
vishalbelsare	CMastication
mitoma_ryo	kitora_naoki
s977043	techblogyahoo
matthew_tracey	darrellpratt
cinelli_nero	palantir777
osacaz4	n_yana
osacaz4	kis
osacaz4	kimotuki
osacaz4	ryu_kobayashi
osacaz4	kis
osacaz4	hisashi_yano
osacaz4	kis
osacaz4	n_yana
mnagaku	ynaoto
Abhishekgite446	romainrigaux
ixothym	cloudera
ixothym	cloudera
ixothym	cloudera
ixothym	cloudera
ixothym	cloudera
ixothym	cloudera
n_yana	maokit
n_yana	okachimachiorz
n_yana	okachimachiorz
n_yana	kkawamura
n_yana	Agile_Cat
n_yana	Nakada_itpro
n_yana	maokit
n_yana	maokit
n_yana	redhotstar
n_yana	makeplex
n_yana	Agile_Cat
n_yana	osacaz4
n_yana	ushiday
n_yana	ushiday
mualphadayo	nakatass
sukhchander	mitchitized
devBaphomet	dev_gatch
shtoker	jonojo
midnight_bot	zenra_bot
midnight_bot	ikeike443
midnight_bot	tsuka
MishaMalamud	botchagalupe
MishaMalamud	botchagalupe
MishaMalamud	botchagalupe
MishaMalamud	botchagalupe
_JackieD_	rcollazo
Hakcer	BlueBoxTraveler
newgoodz	satoshi_kimura
naka_aki_spl	zetta1985
masudakz	m_mouri
masudakz	t_aldehyde
myrt_mobile	media_arch
kiboku	rakuten_tech
intellicubes	infochimps
Levianto	temanmacet
jacintos	garethr
callistoiv	windows7_nanami
alexandrejaquet	pjaton
alexandrejaquet	hasalex
alexandrejaquet	hasalex
muhghazali	echo_khannedy
fhide	silicon_valley7
andrewdeandrade	infoarbitrage
waveling	chrismckee
cametan_001	kaorin_linux
Peterjdolan	pierrefar
oda_satoshi	kuenishi
oliv_oil	techarch
emmacarew	bgervais
okachimachiorz	n_yana
okachimachiorz	ryu_kobayashi
okachimachiorz	xxkickerxx
okachimachiorz	shot6
okachimachiorz	ashigeru
okachimachiorz	fujibee
okachimachiorz	kumagi
okachimachiorz	kumagi
okachimachiorz	kumagi
okachimachiorz	kumagi
okachimachiorz	kumagi
okachimachiorz	ashigeru
okachimachiorz	fujibee
okachimachiorz	fujibee
okachimachiorz	ashigeru
okachimachiorz	ysaotome
okachimachiorz	nokuno
okachimachiorz	nokuno
okachimachiorz	nokuno
okachimachiorz	Nakada_itpro
okachimachiorz	shot6
okachimachiorz	Nakada_itpro
okachimachiorz	masayh
okachimachiorz	ashigeru
okachimachiorz	asami224
okachimachiorz	ashigeru
okachimachiorz	ashigeru
okachimachiorz	ashigeru
okachimachiorz	ashigeru
okachimachiorz	ashigeru
okachimachiorz	Agile_Cat
okachimachiorz	Agile_Cat
okachimachiorz	shot6
okachimachiorz	Agile_Cat
okachimachiorz	kumagi
okachimachiorz	kumagi
okachimachiorz	wk77
okachimachiorz	Agile_Cat
okachimachiorz	Agile_Cat
okachimachiorz	osacaz4
okachimachiorz	osacaz4
okachimachiorz	kimtea
okachimachiorz	Agile_Cat
codemariner	railsenvy
mathias_mongo	schmichael
mathias_mongo	mattc58
nntsugu	kkawamura
dshimy	kdpeterson
neomoha	jerepick
FSHIRO	skuramochi
divijvaidya	r15habh
nsharp_2ch	shot6
nsharp_2ch	shot6
nsharp_2ch	okachimachiorz
aratonton	T_akagi
search_musou	unok
search_musou	unok
gdarmont	cestpasdur
geekaryan	Blogsdna
systhink	infochimps
conversioncons	nickjmarriott1
fidelstar	n_yana
TechScruggs	josephkelly
YunG_A_ReNee	maccxamillion
avometric	cloudera
avometric	cloudera
j_kinjou	j_kinjou
j_kinjou	j_kinjou
j_kinjou	j_kinjou
kuztavito	_denk
ttakemura	kaorif
glenrabie	andrea_gioia
glenrabie	josvandongen
tallpsmith	mikemelia
tamagawa_ryuji	tom_e_white
tamagawa_ryuji	shot6
EverythingMySQL	cloudera
tkfuji	riue
r15habh	esammer
shinpei_ohtani	hackworks
jacerdeira	kintoandar
Wimet	ueshin
gammaray123	techblogyahoo
EventCloudPro	theVitalPath
EventCloudPro	lmacvittie
EventCloudPro	vtri
EventCloudPro	bevelson
EventCloudPro	kingsleydavies
EventCloudPro	jameskobielus
EventCloudPro	jameskobielus
EventCloudPro	jameskobielus
EventCloudPro	jameskobielus
EventCloudPro	jameskobielus
EventCloudPro	ccgillett
EventCloudPro	rjamestaylor
EventCloudPro	mikeferguson1
EventCloudPro	mikeferguson1
EventCloudPro	NeilRobbins
EventCloudPro	NeilRobbins
EventCloudPro	darachennis
EventCloudPro	john_avery
EventCloudPro	john_avery
EventCloudPro	john_avery
EventCloudPro	john_avery
EventCloudPro	john_avery
EventCloudPro	ryanprociuk
EventCloudPro	ShanleyKane
EventCloudPro	ShanleyKane
EventCloudPro	PaulMiller
EventCloudPro	eric_andersen
dataapplied	Hewlettb
MarcinGruszka	tom_peters
wasaist	mkt8514
wasaist	motona_
HadoopKorea	seungjin
cloudcel	otrajman
cloudcel	lintool
cloudcel	tonybain
cloudcel	BigDataNews
TSUxNORI	ttaizo
Rapleaf	wayne530
devadvocate	TomOwens
gremblor	tv
gremblor	tv
yhiro_twr	takao_nakagawa
mijori23	mslovak
gmiritello	xamat
ozakihajime	waisu70
ozakihajime	waisu70
daveofdoom	susanwu
MemeNote	arstechnica
MemeNote	arstechnica
kkakinuma	Agile_Cat
wisnulingga	baim40
ukmekgnac	masyhurh
ukmekgnac	masyhurh
imoriya	masayh
buo1653	u1
buo1653	u1
martengustafson	frli01
tamingdata	marcopolis
takao_nakagawa	yhiro_twr
soktmr	civic
Aske315	seishimurakami
justinddunlap	dennisyu
ryo_haduki	tmyt
permalac	angeldiaz
datameer	rjurney
datameer	dushyanth
datameer	CurtMonash
datameer	msk_y
ryokatsumoto	dentomo
ryokatsumoto	dentomo
c0decracker	esammer
saya182	hibari398
NetNoir	toluju
sjgelman	MichaelWolffNYC
pbeyssac	adulau
fxme	sirdsoriano
fxme	sirdsoriano
TableauDataNerd	otrajman
lintool	deliprao
lintool	deliprao
lintool	haikuman
lintool	haikuman
lintool	hackingdata
lintool	hackingdata
lintool	craig_macdonald
lintool	craig_macdonald
lintool	jpatanooga
lintool	jpatanooga
lintool	peteskomoroch
lintool	kevinweil
lintool	redpony
lintool	redpony
lintool	jakehofman
lintool	deliprao
lintool	deliprao
lintool	deliprao
lintool	deliprao
lintool	deliprao
lintool	deliprao
lintool	deliprao
lintool	deliprao
lintool	deliprao
lintool	deliprao
lintool	owen_omalley
lintool	owen_omalley
lintool	owen_omalley
lintool	owen_omalley
lintool	idefine
lintool	idefine
lintool	numbercrunching
lintool	numbercrunching
lintool	SethGrimes
lintool	SethGrimes
chaeso	gilbok
chaeso	gilbok
chaeso	gilbok
logisthenewline	Tufts_Cmp150CPA
ko1fuji	owen_omalley
hrmgnd	techblogyahoo
hide69oz	shin1ohno
apachekr	studioego
ArmyOfBruce	tisba
fauzg	stephenfry
SMKlahr	jklahr
wtf	argonaut
wtf	argonaut
wtf	herdrick
wtf	herdrick
AndrewLampitt	mikeferguson1
wealthofinfo	infoarbitrage
MPalmerMINK	forbes
SwissDAM	ChezPAX
SwissDAM	ChezPAX
SwissDAM	ChezPAX
spullara	rckenned
nielsmeer	hackingdata
libreq	chihirow
HorizonThink	faisalislam
mobanalyticstv	duchaba
mobanalyticstv	duchaba
mobanalyticstv	duchaba
CWPPIgroup	google
CWPPIgroup	google
aadnoll	svdgraaf
miyakawa_taku	Agile_Cat
anbanbu	kiritter
GoldenHultz5323	infochimps
