15june	1	1
2009	1	1
3110	1	2
32nm	1	1
3n	1	1
80legs	1	1
8ball_	1	1
9Apache9	1	1
9renpoto	1	1
AAMG	1	1
AAinslie	1	1
AI_Robotics	1	1
ARPmike	1	1
Aethylred	1	1
AjitJaokar	1	1
AndiMann	1	1
AndrewBate	1	1
AndrewLampitt	1	1
AntiThetical	1	1
AntoineTwitts	1	1
AuntiSpam	1	1
AyakoBaba	1	1
AzureMagic	1	1
BadCaseOfDaWins	1	2
BalaramanL	1	1
BaldMan	1	1
Ben_Hall	1	2
BigDaddyData	1	1
BigDataNews	1	1
BigstickCarpet	1	1
Blogsdna	1	1
BobGneu	1	1
Bochmann	1	1
BrentO	1	1
CanSpice	1	1
CaptTofu	1	2
CarriBugbee	1	2
CaseySoftware	1	1
CheriSigmon	1	1
ChezPAX	1	3
ChinaKatSunflwr	1	1
ChrisMBarr	1	1
CleaSan	1	1
CloudComputing3	1	2
CloudFutures	1	1
ColinJWhite	1	1
ConnTravels	1	1
ConnorFee	1	3
Cranialstrain	1	1
Crazy_Owl	1	1
CrowdSpot	1	1
DRZ400SM	1	1
DaBourz	1	1
DamonOehlman	1	1
DanInSanJose	1	3
DaveTaylor	1	1
DavidJPoole	1	1
Desamus1	1	1
DirkSunValley	1	1
DmitryBaranovsk	1	1
DonMacAskill	1	1
DongwooKim	1	1
DrFaust	1	1
DrQz	1	1
DragonBe	1	1
Efratk	1	2
Ensanguin	1	1
FagunB	1	1
FireScope	1	1
FollowAlexM	1	1
FrankVanHarmele	1	1
GaryRudolph	1	1
Gommit	1	1
GreenKei	1	1
GregRahn	1	1
Grummfy	1	1
Guutara	1	1
HBase	1	1
HD42	1	1
Haha_Dad	1	1
Hakcer	1	1
HeathWilkes	1	4
Hewlettb	1	1
Hicks_PAX	1	1
HolyHaddock	1	1
Hwaet	1	1
IanHolsman	1	1
Ikawe	1	2
JaimeObregon	1	2
Japan_Clouds	1	1
JayRWren	1	1
Jconner05	1	1
Jeff	1	2
JeffClark	1	1
JeromePineau	1	3
Jetneuf09	1	1
Johannhartmann	1	1
JonGretar	1	1
JonoH	1	1
JoshSkolnick	1	1
JoshWatts	1	4
JustinEtheredge	1	1
KBrown	1	1
Karmasphere	1	1
KayBallard	1	2
KazumaAndoh	1	2
KentBeck	1	1
Kevin_Jackson	1	1
Kilian	1	1
KirinDave	1	1
Knowledgefaber	1	1
KuniSuzaki	1	2
LANjackal	1	1
LaBlogga	1	1
LauJensen	1	1
LazyShion	1	1
LeeBillings	1	1
Liger	1	1
Love_Hadoop	1	1
Mage_Whopper	1	1
Mallioch	1	1
MarkABaker	1	1
MarkCunningham	1	1
MarkGStacey	1	1
MarkZabala	1	1
Marston	1	1
MartijndeM	1	1
MartindeWitte	1	1
Masahito	1	1
MayContainMetal	1	1
MentalEffluvium	1	1
MichaelWolffNYC	1	1
Microsoft_Gov	1	1
Mikaiya	1	1
MikeG1	1	1
MishaMalamud	1	1
MrDaibutsu	1	1
Natbat	1	1
NathanTFreeman	1	1
NetNoir	1	2
NickHodge	1	2
NinGoo	1	1
NovusTiro	1	1
Ocap68	1	1
Ohsugi	1	1
OlivierDo	1	1
Oryctolagus	1	1
OuchOuchOuch	1	1
OurielOhayon	1	1
PKGulati	1	1
PatrickTulskie	1	2
PaulORorke	1	1
PaulSweeney	1	1
Pe_D	1	1
PelleB	1	1
Philpedia	1	1
Polledemaagt	1	1
Ppoul	1	1
PrabhuK	1	1
ProfMatsuoka	1	1
QuaSSI	1	1
Quesada	1	1
RKTM	1	1
Rana_Asaad	1	1
RayS	1	1
ReiOdaira	1	1
Reichental	1	1
RickRake	1	1
RipTheJacker	1	1
Risto	1	1
RobAshton	1	1
RobTyrie	1	1
RobertTheGrey	1	1
RomainMuller	1	1
RossC0	1	2
RuiSeabra	1	1
RyanPeterson	1	1
SQLSoldier	1	1
SSBxoxo	1	1
SameerPatel	1	1
SamuraiJack8	1	1
SassyCyndi	1	1
SavioRodrigues	1	1
SeanChittenden	1	1
SharonG	1	1
Silona	1	1
Simergence	1	1
Skyzyx	1	1
SlimTebourbi	1	2
SniperWulfzen	1	1
SoftProj	1	1
Sparkbouy	1	1
Staten7	1	1
SteveCC	1	1
StevenWalling	1	1
Supakitsune	1	1
Sutto	1	1
T_akagi	1	1
TarasNovak	1	1
TaviGreiner	1	1
TechnologyIowa	1	1
TerryCho	1	1
TheASF	1	1
TheAnimator	1	1
TheColonial	1	1
TheJenATX	1	1
The_Javelina	1	1
TiredFairy	1	1
TomOwens	1	1
TophyMastery	1	2
Tsjies	1	1
Tufts_Cmp150CPA	1	1
TwitdomUpdates	1	1
TylerCoffin	1	6
VTPG	1	1
Vaguery	1	1
Vertica	1	1
ViRAms	1	1
VidasM	1	1
WSJdigits	1	1
WeTechnoPhobia	1	1
Web2N	1	7
Wimet	1	1
WiredBarn	1	1
XMLSDK	1	1
Xeus	1	1
XtremeData	1	1
YahooLabs	1	1
ZachariahKral	1	1
Zuora	1	1
__ciruzzo__	1	1
__tak	1	1
_angelo	1	2
_boo	1	1
_denk	1	1
_evan	1	1
_helmer	1	1
_jm	1	1
_kou_	1	1
_nat	1	1
_osi	1	1
_robin	1	1
_shk	1	1
_takebon_	1	1
_tomg	1	1
aadnoll	1	1
aaronblew	1	1
aarondemello	1	1
abbyleafe	1	1
abhikchowdhury	1	1
abhinandkr	1	1
abhishektiwari	1	1
ach_l	1	1
achimnol	1	1
acorsinl	1	1
adamachine	1	1
adamhjk	1	1
adamnash	1	1
adaptorel	1	1
adbglobal	1	1
adr	1	2
adulau	1	1
aegirthor	1	1
afterwise	1	1
afugate	1	1
afujii	1	1
agoncal	1	1
aguynamedben	1	1
ahangai	1	1
ajaytoo	1	1
ajlopez	1	1
ak_hepcat	1	1
aka_sato	1	1
akalsey	1	1
akishin	1	2
alainravet	1	1
alanfgates	1	1
alanirwin	1	1
alejandrocrosa	1	1
alex_buz	1	1
alexboly	1	1
alexconrad	1	2
alexdong	1	1
alexiskold	1	1
alexott_en	1	1
alexquick	1	1
alexvega	1	2
alganet	1	1
algoriffic	1	1
alinzainescu	1	1
alkalineearth	1	1
allanca	1	1
allspaw	1	2
alohakun	1	1
alohaonrails	1	1
alpayerturkmen	1	1
alper	1	1
alsothings	1	1
alvrod	1	1
amalji	1	1
amansk	1	1
amccurry	1	1
amesigure	1	1
amoghvk	1	1
amyanxiety	1	1
analyticsfuture	1	1
anamsa	1	1
ancechu	1	1
andefred	1	1
andrea_gioia	1	1
andrewbarnett	1	2
andrewdeandrade	1	3
andry	1	1
andy_c	1	2
andyhickl	1	1
andykent	1	1
angeldiaz	1	1
angusmacdonald	1	1
anibal	1	1
anibalrojas	1	1
anima	1	1
anjinpradhan	1	1
annanabanana	1	1
ansonism	1	1
answers	1	1
ant30	1	1
antirez	1	1
anup_99	1	1
aparajuli	1	1
apiplani	1	1
apo0909	1	2
app_engine	1	1
appirio	1	2
appistry	1	1
apple_guy	1	1
aquaman73	1	1
aquative	1	1
ara_e	1	1
aral	1	1
arbovm	1	1
arcadiy	1	2
ardell	1	1
argonaut	1	2
argv0	1	1
arnabdotorg	1	1
aroxo	1	1
arstechnica	1	2
arthi_rad	1	1
arunxjacob	1	1
asadabbas	1	1
asami224	1	1
asarathy	1	1
asbkmb	1	2
ashafa	1	1
ashcrow	1	1
asiajanus	1	1
asteingruebl	1	1
atkinsm	1	1
atulskulkarni	1	2
atveit	1	3
audioswitch	1	1
auxesis	1	2
averyj	1	1
avi4now	1	1
aztecmonkey	1	1
badxmaru	1	1
bagheer	1	1
baim40	1	1
baleksan	1	2
bangnew	1	1
banksean	1	1
bantai	1	1
barbiche	1	1
barndrama	1	1
base10	1	3
baxxx	1	1
bbrowning	1	1
bbttxu	1	1
bbuck153	1	1
bcarlso	1	1
bcobarrubia	1	2
bcurren	1	1
bddemir	1	1
bdimcheff	1	1
be_b	1	1
bear454	1	2
beatty	1	1
beccadownes	1	1
bena_	1	1
benaud	1	1
benjamin_hu	1	1
benjaminellison	1	2
bennettandrews	1	1
berghausen	1	1
berkay	1	2
berlotti	1	2
bernardgolden	1	1
bfoo	1	1
bgervais	1	1
bgyger	1	1
bharath_v	1	2
bigdataworkshop	1	3
bigfleet	1	1
binary42	1	1
biz	1	1
bjango	1	1
bjd145	1	1
blairblends	1	1
blefurgy	1	1
bleything	1	1
blueben	1	1
bluedavy	1	1
bluehavana	1	1
bmaso	1	1
bnewport	1	1
bobbo717	1	1
boblozano	1	1
boconnor	1	1
boggle	1	1
bongole	1	1
boobasan	1	1
borud	1	2
bose999	1	1
botanicus	1	1
brandi777	1	2
brendengrace	1	2
brenes	1	5
brent_jackson	1	1
brentrowland	1	1
brianaker	1	1
brianpeppler	1	1
brianshaler	1	1
brianthecoder	1	1
brizzly	1	2
brockpalen	1	1
bsiscovick	1	1
btomasette	1	2
bwv1043	1	1
c0t0d0s0	1	1
calrion	1	1
campbellmichael	1	1
candice1977	1	1
cansar	1	1
carlcarrie	1	2
carldunham	1	1
carletes	1	1
carterpage	1	1
caseorganic	1	1
caseycrites	1	1
casmrv	1	1
cathcam	1	1
cbisciglia	1	1
cbjones1	1	1
cbtacy	1	1
ceonyc	1	1
cestpasdur	1	1
cetauri	1	2
chadmyers	1	1
chadpaulson	1	1
chaeso	1	1
chanjuang	1	2
channyun	1	1
chanshik	1	2
charleshooper	1	1
charlieflint	1	1
charliethier	1	1
cheese63	1	1
chieftech	1	1
chihirow	1	1
childjc	1	1
chingshen	1	1
chkal	1	1
chl	1	1
chmullig	1	1
chnt2010	1	2
choas	1	1
chocoii	1	1
chorn	1	1
chpapa	1	1
chris_alexander	1	1
chrishayuk	1	1
chrismckee	1	1
chrispirillo	1	1
christkv	1	1
chuckreynolds	1	1
cimota	1	1
ciurana	1	1
civic	1	1
cjcdoomed	1	1
ckdarby	1	1
clairvy	1	1
clavicle_	1	1
cleverfoo	1	1
clofresh	1	1
cloud_1topi	1	1
cloud_connect	1	1
cloudcel	1	1
cloudgroup	1	2
cloudify	1	1
clowcard01	1	1
cmcavoy	1	1
cmilesbaker	1	1
cmoreno77	1	1
cmunezero	1	1
codeslinger	1	1
codewolf	1	2
codie	1	1
codypo	1	2
cognizr	1	2
cohtan	1	2
colin_jack	1	1
colinhowe	1	2
connerz0rz	1	1
controladdict	1	1
cowboyd	1	1
cperciva	1	1
cqa02303	1	1
craigbailey	1	1
crdlo	1	1
crunchbase	1	1
ctemplate	1	1
ctennis	1	1
ctrochalakis	1	1
curtclifton	1	1
cwire4	1	2
cwoodruff	1	2
cxi	1	1
dadicool	1	1
dagur	1	1
dahankzter	1	1
damana	1	1
damienfrancois	1	1
danbri	1	1
danfairs	1	1
danielraffel	1	1
danja	1	1
danklyn	1	1
danlev	1	1
danlyke	1	2
dannysullivan	1	1
danudey	1	1
danzarrella	1	1
darkuncle	1	1
darrellpratt	1	1
darthtrevino	1	1
datayoda	1	1
daveisanidiot	1	1
daveklein	1	1
davenielsen	1	1
daveofdoom	1	1
davewiner	1	1
david_a_black	1	1
davidgiesberg	1	1
davidgreco	1	1
davidlmorris	1	1
davisp	1	1
dawuss	1	1
dbalatero	1	1
dbasch	1	1
dcancel	1	1
ddata	1	3
ddossot	1	1
deepfoo	1	1
deftones3300	1	1
deirdresm	1	1
delagoya	1	1
delineator	1	1
denkusr	1	1
dennisyu	1	1
deprimer	1	1
derekbrown7	1	2
derekg	1	1
derrickpeavy	1	1
dev_gatch	1	1
developerworks	1	1
dfflanders	1	1
dfletcher	1	2
dfranke	1	1
dgentile1022	1	1
dgerber2777	1	1
dgiffin	1	1
dhonig	1	1
digitalBush	1	1
digitoktav	1	1
diminish7	1	1
dimle	1	1
dirkdk	1	2
dirkkirsten	1	1
disclojure	1	1
divijvaidya	1	1
divitri	1	1
dizzyco	1	1
djSyndrome	1	1
dje	1	1
djgreer	1	1
djspiewak	1	1
dlambert	1	1
dmarsh	1	2
dmcclure	1	3
dmitriid	1	1
donalddotfarmer	1	1
donpdonp	1	2
doppler	1	1
douglasp	1	1
dpmohali	1	1
dragon119	1	1
drchuck	1	1
drenz	1	1
drewfarris	1	1
dritoshi	1	1
driveby33	1	1
drorengel	1	1
drosen	1	1
dshimy	1	1
dtrevino	1	1
dtunkelang	1	1
dtw1995	1	1
duchaba	1	3
duck1123	1	2
ducleminh	1	1
dueckes	1	1
durin42	1	1
dushyanth	1	1
dustinwhitney	1	1
duydo	1	1
dviner	1	1
dwhsix	1	1
dybvandal	1	1
dyechan	1	1
dyfhid	1	1
eachus	1	1
eahiv	1	1
ebberst	1	1
echoz	1	1
economist	1	1
edbizarro	1	2
edgar	1	1
editchick	1	1
eduardofv	1	1
eduo	1	1
edward_ribeiro	1	1
edyavno	1	4
eedrummer	1	1
efic1	1	2
egze	1	1
ehwizard	1	1
eissonnie	1	1
ejwinter	1	1
eladmeidar	1	1
eldon	1	1
eleanorpyc03	1	2
elicollins	1	1
elight	1	3
elijahmanor	1	1
elliottkember	1	1
emahlee	1	1
emiller	1	1
emmanuelbernard	1	1
emti	1	1
enakai00	1	1
endamadden	1	1
epi_longo	1	1
epredator	1	1
eric_andersen	1	1
erichter	1	1
erickerr	1	1
erickschonfeld	1	2
ericneumann	1	1
ericries	1	1
ericshull	1	1
eridine	1	1
erikeldridge	1	1
erikrozendaal	1	1
eschipul	1	1
essdodson	1	1
esteban	1	1
esteve	1	1
ethank	1	1
ev	1	1
evan	1	1
evankuo	1	1
evanphx	1	1
evansde77	1	1
evansneath	1	2
evrenguden	1	1
exavolt	1	1
exleaf	1	1
extelligence0	1	2
eyeseast	1	1
ezmobius	1	1
fabiogiolito	1	1
fabiopimentel	1	1
fabricemous	1	1
factualinc	1	1
faisalislam	1	1
fak3r	1	1
falicon	1	1
famicom_kid	1	1
fdaapproved	1	2
febeling	1	1
federicoboerr	1	1
feodor_666	1	1
feuervogel83	1	1
fields	1	1
filipcte	1	1
fingirl	1	1
fire9	1	1
flierlu	1	1
florind	1	1
flowolf	1	1
fnordquist	1	1
fogus	1	2
forbes	1	1
forondarena	1	1
fosdem	1	1
fourbitsdotcom	1	2
frabcus	1	1
francis_dierick	1	1
franciscomesa	1	1
frebro	1	1
frednecksec	1	1
fredwilson	1	1
freegeek	1	1
freejoe76	1	1
freekl	1	1
frli01	1	1
fromedome	1	1
fromz	1	1
frsyuki	1	1
fruit90210	1	1
frumpa	1	1
fs111	1	1
fstylekun	1	1
fujiyo	1	4
fukuyama09	1	2
furilo	1	1
furukama	1	1
fushigichan	1	1
g13n	1	1
gaiaville	1	1
garaemon	1	2
garmy	1	1
garry_stewart	1	1
garthk	1	1
gastonramos	1	1
gavinbaker	1	1
gblnetwkr	1	1
gclue_akira	1	2
gdarmont	1	1
geekyethan	1	1
geohot	1	1
gerrymoth	1	1
gersei	1	1
gevaperry	1	1
giessel	1	1
gilbok	1	3
giuliettamasina	1	1
givemeascream	1	2
glenngillen	1	1
glynmoody	1	3
gocemitevski	1	1
godfoca	1	1
gracerodriguez	1	1
gravitymonkey	1	1
gregbayer	1	1
gregmoreno	1	1
gregoryg	1	1
gregscher	1	1
gridsolutions	1	2
groovers	1	1
groundsfreh	1	2
gruber	1	1
gsoldevila	1	1
guao	1	1
guidmaster	1	1
gutelius	1	1
gutomcosta	1	1
guy	1	2
guykawasaki	1	1
gwhalin	1	1
gwillen	1	1
gzicherm	1	1
h0zae	1	1
hackcamp	1	1
hackworks	1	1
hadleywickham	1	1
haggais	1	2
halbritt	1	1
hallrm	1	1
hamburger_kid	1	1
hamiltonulmer	1	1
hardfiles	1	1
harishtejwani	1	1
harper	1	1
harrisj	1	1
haruyosi	1	1
hasalex	1	2
hashopensource	1	1
hayesdavis	1	2
heatherwetzler	1	1
hectcastro	1	1
helloluis	1	1
hengdm	1	1
herdrick	1	2
heroku	1	1
hibari398	1	1
hidemotoNakada	1	1
hinatan	1	1
hiro_h	1	1
hitezh	1	1
hiveat55	1	1
hkarthik	1	1
hkolk	1	2
hmuehlburger	1	2
hnamekawa	1	1
hnshah	1	1
hobbyist	1	1
hofmanndavid	1	1
hoisie	1	2
holmic	1	2
hoopeekoo	1	1
horo	1	1
hsarvell	1	1
hugoware	1	1
hult	1	1
huyhong	1	1
hwanja	1	1
hyakutem	1	1
i386	1	1
iamashok	1	1
iamclovin	1	1
iamfender	1	1
ian_soboroff	1	6
ianibbo	1	1
ianschenck	1	1
ibannieto	1	1
ibogost	1	1
iconara	1	1
ideamonk	1	1
igorgiusti	1	1
ihatemornings	1	1
ijansch	1	1
ijonas	1	1
ijuma	1	1
ijustinj	1	1
ikai	1	1
ikasamt	1	1
ikeike443	1	1
iljobs20	1	1
imatakutin	1	1
imyousuf	1	3
inEntSW	1	1
in_the_crowd	1	1
infoape	1	1
infochimp	1	1
infoecho	1	1
inspired12	1	2
intel_chris	1	1
inthecan	1	1
intranation	1	1
invisiblejules	1	2
ioerror	1	1
iptel_bz	1	1
irajislam	1	1
irfanhabib	1	1
irldexter	1	1
irregulara	1	1
is_llei	1	1
ischroedi	1	2
isotopp	1	1
isshiki	1	1
istweetingcool	1	1
iszuddin	1	1
itawasa	1	3
itayan	1	1
ithoughts_de	1	1
itsBekaa	1	1
itwasntandy	1	1
itworks	1	2
ivanassen	1	1
ivandojr	1	1
ivoanastacio	1	1
iwkn	1	1
ixothym	1	1
j_kinjou	1	3
jaaron	1	1
jackowayed	1	1
jacobburch	1	1
jacobian	1	1
jacobonline	1	1
jacqueswarren	1	1
jadegutis	1	1
jajub	1	1
jalter	1	1
jamesbmarshall	1	1
jamesgolick	1	1
jamesrbuk	1	1
jamesurquhart	1	1
jamis	1	1
jandersen	1	1
jaredlander	1	2
jaredmcfarland	1	1
jaredrichardson	1	2
jaredtsimpson	1	1
jasoncwarner	1	3
jasonhas	1	1
jasonjwwilliams	1	1
jasonrutherglen	1	2
javaboom	1	2
javadance	1	1
javalife	1	1
javapapo	1	1
jaymcgavren	1	1
jbecla	1	3
jbevain	1	1
jboutelle	1	1
jbritten	1	1
jbrooksuk	1	1
jcannonb	1	1
jcerise	1	1
jcposner	1	2
jdcoffman	1	1
jdfrens	1	1
jdhok	1	1
jdrumgoole	1	1
jdtangney	1	1
jdudley	1	1
jebritton	1	1
jedhallam	1	1
jeffaltman	1	3
jeffhorrocks	1	2
jeffvogelsang	1	1
jeremy	1	1
jeremyburgin	1	2
jerepick	1	1
jericevans	1	2
jeromatron	1	1
jessesanford	1	1
jessverr	1	1
jezhiggins	1	1
jfairbairn	1	1
jfarcand	1	1
jfcloutier	1	1
jfox85	1	1
jgehlbach	1	1
jhaynie	1	1
jhd	1	1
jhkuperus	1	1
jholmberg	1	1
ji_ku	1	1
jim_brooke	1	1
jima00	1	1
jimey	1	1
jimgroom	1	1
jingsong	1	1
jj1bdx	1	1
jkivit	1	1
jklahr	1	1
jkwatson	1	2
jlongtine	1	2
jmathai	1	1
jmeowmeow	1	1
jmhsieh	1	1
jmizuno	1	1
jmstriegel	1	8
jniino	1	2
jnishi	1	1
jny2	1	2
joaocruz04	1	1
joaquindiez	1	2
jobtitled	1	1
joebeone	1	1
joedevon	1	1
joelg87	1	1
joellobo	1	1
joelpob	1	1
joemanafo	1	1
joesmorgan	1	1
johans	1	2
john_chilmark	1	1
johngarcia	1	1
johnmyleswhite	1	2
johnwohn	1	2
jonathanmendez	1	1
jonesbp	1	1
jonindc1204	1	1
jonnyroadley	1	1
jonojo	1	1
josech	1	1
josek_net	1	1
josephrueter	1	1
josh_wills	1	1
joshcoffman	1	1
joshdi	1	1
jowyang	1	1
jplazaarguello	1	1
jrecursive	1	1
jrenko	1	1
jsellens	1	1
jsteeleeditor	1	1
jstein	1	1
jswanhart	1	1
juansequeda	1	1
jukkaz	1	1
julianhyde	1	1
juliaxgulia	1	1
junichia	1	1
junkudo_ike_pc	1	1
junkudo_stock	1	1
justinfreitag	1	1
jwelshiv	1	2
jwtodd	1	1
jxu	1	1
jyarmis	1	1
jzawodn	1	1
k2wd	1	2
k8em0	1	1
kaharada	1	2
kaichun	1	2
kaiseh	1	1
kamal	1	1
kamipo	1	1
kansai_takako	1	1
kaorif	1	1
kaorin_linux	1	1
karmali	1	1
katiefehren	1	1
katzchang	1	2
kawajun	1	1
kazki	1	1
kbuffington	1	1
kchodorow	1	1
kcome	1	1
kdaigle	1	1
kdpeterson	1	1
kedartal	1	1
keimlink	1	1
keisuke_n	1	1
kellysims	1	1
kenahoo	1	3
kendrak	1	1
kennethpbowen	1	1
kevin_m	1	1
kevindente	1	1
kevinmatheny	1	1
kevinmd	1	1
kevinnuckolls	1	1
kevinrose	1	1
key3	1	1
kibayos	1	2
kihitara	1	1
kike_DNOiSE	1	2
kikeroga	1	1
kimchy	1	1
kimotuki	1	1
kimws	1	1
kingsleydavies	1	1
kinshul_v	1	1
kintoandar	1	1
kiritter	1	1
kirkwy	1	1
kirsn	1	1
kitar	1	1
kitayama_t	1	1
kitora_naoki	1	1
kkrugler	1	1
klenert	1	3
kmullins	1	2
kn0thing	1	2
kodamashi	1	1
kohei_april20	1	1
konarkmodi	1	1
kookii	1	1
korbsak	1	1
kornerik	1	1
kotaroito	1	1
koujirou	1	1
koyhoge	1	1
krasul	1	1
krees	1	1
kshashi	1	1
ku_suke	1	1
kurekure_kun	1	1
kurikiyo	1	1
kurtjx	1	1
kvetchingeditor	1	1
kvijesh	1	1
kylecordes	1	1
kyleford	1	1
kyuns	1	1
labgrab	1	1
laforgetm	1	1
lalha	1	1
lance	1	1
leadershipcoach	1	1
leahculver	1	1
leastfixedpoint	1	1
leejb	1	1
leningali	1	1
lennox	1	1
leonho	1	1
lescarr	1	1
lesliemaniotes	1	1
lewcpe	1	2
lfeeney	1	1
liebke	1	1
lintzston	1	1
linuxdeveloper	1	3
lisacrispin	1	1
liuxu1002	1	1
livelock	1	1
llamallama	1	1
llanchi	1	1
llasram	1	3
lmai	1	1
lmaugustin	1	1
logicoder	1	1
longcreative	1	1
loogaroo	1	2
loretahur	1	1
lornlab	1	1
lsbardel	1	4
lucagrulla	1	1
lucasbz	1	1
lucastex	1	1
luismreis	1	1
luticm	1	1
m2jr	1	1
m_kumagai	1	1
m_pixy	1	1
macbook	1	3
maccxamillion	1	1
macode	1	1
madduri	1	1
magoghm	1	1
mahesh6	1	1
mail2mayank	1	1
majones1973	1	1
makimoto	1	2
making	1	1
maks_20	1	1
mambenanje	1	1
mancha	1	2
manikandakumar	1	1
manu3da4	1	1
maokit	1	3
map_maker	1	1
maradine	1	1
marblejenka	1	2
marc_smith	1	1
marcesher	1	2
marchliu	1	1
marcopolis	1	1
mariagrineva	1	1
mariuswatz	1	1
mark_liu	1	1
markaufflick	1	1
markembling	1	1
markgunnels	1	1
markimbriaco	1	1
markkobe	1	1
markng	1	1
masahif	1	1
masaka	1	1
mashable	1	1
mashraqi	1	1
maslett	1	2
mastermark	1	2
masyhurh	1	2
matakeuchi	1	1
matetsu	1	1
mathias_mongo	1	1
mathieubastian	1	2
mathieuen	1	1
matifq	1	1
matinahat	1	1
mattb	1	1
mattc58	1	1
mattcasters	1	1
mattcodes	1	1
mattcutts	1	1
mattgalloway	1	1
mattgeeknz	1	1
matthawley	1	1
matthewcp	1	1
matthewkrieger	1	1
mattpodwysocki	1	1
mattrepl	1	1
mattycurry	1	1
matuzaki	1	2
maxgrinev	1	2
mccreavy	1	1
mcohen74	1	1
mdreid	1	1
media_arch	1	1
mediajunkie	1	1
mediaslave	1	2
meekohi	1	1
melinachan	1	1
mendeley_com	1	1
mengwong	1	1
mentby	1	1
meporter	1	1
merbist	1	1
metalrufflez	1	1
mgarl	1	1
mhaller1979	1	1
micarom	1	2
miccweb	1	1
mich8elwu	1	1
michael_nielsen	1	1
michaelbarton	1	1
michaelquick	1	1
michellegreer	1	1
midnightcoder	1	1
midtownninja	1	1
migueldeicaza	1	1
mike9r	1	1
mike_acton	1	1
mikearsenault	1	1
mikedewar	1	1
mikeee	1	3
mikefarmer	1	1
mikemelia	1	1
mikeyk	1	1
milindesai	1	1
miloops	1	1
minenet	1	1
minimalistic	1	1
miniorb	1	1
minkc1	1	1
mint	1	1
minzhou	1	1
mishaschubert	1	1
miss_glitch	1	1
misslaurathomas	1	1
missrogue	1	1
mitim	1	1
mitoma_ryo	1	1
mitszo	1	1
miwazajemimah	1	1
miyagawa	1	1
mjmalone	1	1
mjrusso	1	1
mkt8514	1	1
mlmilleratmit	1	1
mloughran	1	1
mm53bar	1	1
mmcgrana	1	1
mmparker	1	1
mmtz	1	1
mnetra	1	1
mojombo	1	1
mokele	1	1
mollaxz	1	1
moming2k	1	1
momo13	1	1
monadic	1	1
monizuka	1	2
moomdede	1	2
moongift	1	1
morimorihoge	1	1
moritz_stefaner	1	1
motona_	1	1
movmov	1	1
mozcelebi	1	1
mpanoff	1	1
mperak	1	1
mpyeager	1	1
mr_edokko	1	1
mrfox	1	1
mroesch	1	1
mrshang	1	1
msarahwickham	1	1
msh_junya	1	1
msk_y	1	1
mslovak	1	1
mthreat	1	1
mtnygard	1	2
mtothen	1	1
mturilin	1	1
muddydixon	1	1
mudphone	1	1
muratotti	1	1
murciego	1	2
mutru	1	2
muziejus	1	1
mvalente	1	1
mwanji	1	1
mworrell	1	1
myditto	1	1
myen	1	1
myerman	1	1
mykl4	1	1
myoung	1	1
myui	1	1
mza	1	1
mzarra	1	1
n3104	1	1
n8bowen	1	1
n8han	1	2
n_soda	1	1
naglarzk	1	1
nakatass	1	1
nancygarrity	1	1
nancyscola	1	1
naoyuki0401	1	2
naraki	1	1
natefoo	1	1
nathan_stott	1	1
nauiokaspark	1	1
ndkhoiits	1	1
negipo	1	1
neiljlock	1	1
neko_machi	1	1
neofreko	1	2
netik	1	1
nettuts	1	1
netzpolitik	1	1
newmst	1	4
newscred	1	1
newtman	1	1
nickaugust	1	1
nickdella	1	1
nickhac	1	1
nickjmarriott1	1	1
niels	1	1
nielsmeer	1	1
nirajtolia	1	1
nishiokamegane	1	1
niteshbhatia	1	1
nivertech	1	1
niyalist	1	2
nkg3	1	2
nkgl	1	2
nkirsch	1	1
nkjm	1	1
nlothian	1	1
nlpbot	1	1
nnr	1	1
noahts	1	1
nobmann88	1	1
noellechun	1	1
nogamiryj	1	1
nokuno	1	3
noradio	1	1
normalian	1	2
nosql_topsy	1	1
nosqlsummer	1	1
notquiteabba	1	1
novamontien	1	1
novaspivack	1	1
nraden	1	1
ntmartin	1	1
nuky2009	1	1
nunoloureiro	1	1
nyaxt	1	1
obie	1	1
obigabu	1	1
obrienjw	1	1
ocoudert	1	1
ohlolohlol	1	1
ohshazbot	1	1
ohsuga	1	1
ohtsuki	1	2
oisin	1	1
okoba23	1	1
old_sound	1	1
oldhat	1	1
om	1	2
openfly	1	1
openmadison	1	1
opensearch	1	1
optian	1	2
oreillybrett	1	1
orenmazor	1	1
originalkj	1	1
originalmp	1	1
otaviosimoes	1	1
p3t0r	1	1
paddix	1	2
padjiman	1	4
paintrichpaint	1	1
pakman	1	1
palantir777	1	1
paming	1	1
panggi	1	1
pansapiens	1	1
pantulis	1	1
paolicelli	1	3
parkto	1	1
pascal	1	1
pat_ramsey	1	1
patmaddox	1	1
patphelan	1	1
patrickdebois	1	1
paul_okeeffe	1	1
paulingham	1	1
paulsalazar	1	2
pbroenen	1	1
pda	1	1
pdsphil	1	1
pedrogteixeira	1	1
pedromelo	1	1
pemulis	1	1
pengwynn	1	1
perezvon	1	1
perrins	1	1
petdance	1	1
petehague	1	1
peterbowyer	1	1
peterflom	1	2
peterneubauer	1	1
peterurban	1	1
petewarden	1	1
ph0kin	1	2
phatduckk	1	1
philipthrasher	1	1
phobeo	1	1
phunt	1	1
pierrefar	1	1
pinebanana	1	1
pinoystartup	1	1
pixelcort	1	1
pixgreenday	1	1
piykumar	1	1
pjaton	1	1
pjb3	1	1
plank10	1	1
plugawy	1	1
pmorelli	1	1
poloassassin	1	2
pontuyo	1	1
porcelli	1	1
posix4e	1	1
powermugk	1	1
powerwu	1	1
prasannagautam	1	1
prasert	1	5
presri	1	1
prolificd	1	1
pszczypka	1	1
ptarjan	1	1
puredanger	1	1
putchonguth	1	1
pwiedel	1	1
pyrat	1	1
qrush	1	1
quitada	1	1
r0wb0t	1	1
r38y	1	1
rafaelfuchs	1	1
rafik	1	1
railsenvy	1	1
rajputro	1	1
rakuten_tech	1	1
ralsina	1	1
ramarnat	1	1
rampok	1	1
randyjensen	1	1
rauchg	1	1
ravenben	1	1
ravi_mohan	1	1
rawn	1	1
raygrieselhuber	1	1
rb2k	1	1
rberger	1	1
rbieber	1	1
rbowen	1	1
rcoder	1	1
rcollazo	1	1
rcrowley	1	1
rdeborja	1	1
rdhyee	1	1
rduplain	1	1
realitydistort	1	1
redlog	1	1
redpony	1	2
reedsturtevant	1	1
refaktor	1	2
reidmix	1	1
reiger	1	1
reinoutvanrees	1	1
renailemay	1	2
rene_kapusta	1	1
rens2000	1	1
research	1	2
rgeorge28	1	2
rglenn	1	1
rhondacarrier	1	1
rhussmann	1	1
rhyolight	1	1
ribalba	1	2
richardmatthias	1	1
richyatkinson	1	1
rinmon	1	1
ripienaar	1	1
riue	1	1
rizzn	1	1
rjamestaylor	1	1
rjowen	1	1
rjray	1	2
rk	1	1
rlankin	1	2
rmastenbroek	1	1
rnella01	1	1
robconery	1	1
robertlofthouse	1	1
robhudson	1	1
robinlisle	1	2
robinmckinley	1	1
rolandbouman	1	1
romainrigaux	1	1
romefort	1	1
romeosidvicious	1	1
ronaldwidha	1	1
ronpepsi	1	1
ronrasmussen	1	1
roonoid	1	1
rootuser	1	1
rosendeh	1	1
rossdmochowski	1	2
rosshuggett	1	1
rr	1	1
rrystrom	1	1
rtm	1	1
rtomayko	1	1
ruby_dcamp	1	1
ruimoura	1	1
runako	1	2
russeltarr	1	1
russferriday	1	1
rweverwijk	1	1
rww	1	1
ryanbriones	1	1
ryancarson	1	1
ryangrubbs	1	2
ryanqnorth	1	1
ryanschmidt	1	1
ryanstewart	1	1
ryo_grid	1	1
ryoff	1	1
saetaes	1	1
safari	1	1
saileshkrish	1	1
saishu	1	2
sakacc	1	1
sakaiat	1	1
salikhov	1	1
samanthastone	1	1
samdols	1	1
samidh	1	1
samj	1	1
sammthomson	1	2
samof76	1	1
samohtsivraj	1	1
samsm	1	1
sandipb	1	2
sandroruch	1	2
sandynathan	1	4
sarahtavel	1	1
sascha242	1	1
satoshi_kimura	1	1
satoshinji	1	1
sbg	1	1
scalar	1	1
schain	1	1
schloessersjung	1	1
schmichael	1	1
schwa	1	1
science_book	1	1
scilib	1	1
scisu	1	1
scodal	1	1
scoffey	1	1
scorpion032	1	1
scotchi	1	1
scottcreynolds	1	1
scottgal	1	1
scottjcounts	1	1
scottlabbott	1	1
scottyallen	1	2
sean_lynch	1	1
seanmont	1	1
seanpower	1	1
seelmann	1	2
seiryo	1	1
seishimurakami	1	1
seizans	1	2
seldo	1	1
semanticpc	1	1
seomasterlist	1	2
sethladd	1	1
sethweiner	1	1
seungjin	1	1
sfalcon	1	1
sfexplosive	1	1
shachart	1	1
shanmuganandhg	1	1
shaunhess	1	1
sheeri	1	1
shen72	1	1
shift9	1	2
shin1ohno	1	1
shinierball	1	1
shinji0000jp	1	1
shoesonwrong	1	1
shokiri	1	1
showyou	1	1
shreeni	1	1
shrkwh	1	1
shudo	1	1
shun0102	1	2
shupp	1	1
siah	1	1
siculars	1	1
sideshowbarker	1	1
sids	1	1
siegel	1	1
sieveman	1	1
silente0	1	1
silicon_valley7	1	1
simon	1	1
simon_g	1	1
simongdavies	1	1
simonw	1	1
simplyarun	1	1
singhgurjeet	1	1
sintixerr	1	1
sippndipp	1	1
sirdsoriano	1	2
siritori	1	1
skalnik	1	1
skitsanos	1	2
skkng	1	1
skliche	1	1
skoop	1	1
skr	1	1
skrenta	1	1
skreuzer	1	1
skry	1	1
skuramochi	1	1
sky000	1	1
sla	1	1
slacloud	1	1
slinkygn	1	1
smagdali	1	1
smartin	1	1
smatsuoka	1	2
smn	1	1
snkken	1	1
softlayer	1	2
solarce	1	1
sonic2000gr	1	1
soplakanets	1	1
sorenmacbeth	1	1
sosiouxm3	1	1
sotarok	1	1
sourcegirl	1	1
sowe	1	1
soypunk	1	1
spazm	1	1
spelchec	1	1
sprsquish	1	1
spurpura	1	1
sramanan	1	1
sramsay	1	3
sriprasanna	1	2
ssn	1	1
ssuri	1	1
starria	1	2
startup2startup	1	1
stefannava	1	1
stephennimmo	1	1
steppat	1	1
steve4good	1	1
steve_macdonald	1	1
stevedekorte	1	1
stevegillmor	1	1
stevej	1	1
stevejb	1	1
steven_fletcher	1	2
stevencorona	1	1
stevenn	1	1
stilgherrian	1	1
stilkov	1	2
streetsofboston	1	1
striphas	1	1
studioego	1	1
stunami	1	1
stvchu	1	1
subelsky	1	1
sudara	1	1
sudix	1	1
sukhchander	1	2
sumihiro	1	1
summatusmentis	1	1
suppai_milk	1	1
sureddy	1	1
surflogic	1	1
susan01563	1	1
susanwu	1	1
svcotton	1	1
svdgraaf	1	1
swooledge	1	1
sylvanstargazer	1	1
synopsi	1	1
sys49152	1	2
t	1	1
t_aldehyde	1	1
t_wada	1	1
tableau	1	1
taigou	1	1
taiichi84	1	1
takerou	1	1
takoratta	1	1
talend	1	1
tamassimon	1	1
tamotsu2010	1	1
tanarky	1	2
tanjiaqi	1	1
taosecurity	1	1
tarek_ziade	1	1
tarox	1	1
tatakaba	1	1
tatenosystem	1	1
tcsh	1	1
techarch	1	1
techmute	1	1
techunits	1	1
tectonic	1	1
temanmacet	1	1
terrycojones	1	1
tettsyun	1	6
tfmorris	1	1
theVitalPath	1	1
the_bait	1	1
the_spinmd	1	2
the_tim	1	1
thebigjc	1	1
thecryptic	1	1
theitskeptic	1	1
thejsblog	1	1
themage	1	1
thepetshopboy	1	1
thequark	1	1
therealadam	1	1
thesethings	1	1
thestatbot	1	1
thetechrevo	1	1
thibaut_barrere	1	2
thoefler	1	1
tibbetts	1	2
timbray	1	1
timbrown13	1	1
timconverse	1	1
timhaines	1	1
timkeller	1	1
timwee	1	1
tinjaw	1	1
tisba	1	1
tjake	1	1
tjun	1	1
tkb	1	1
tkng	1	1
tmyt	1	1
tnkhr01	1	1
tobiassvn	1	1
tobyjoe	1	1
tobymoore	1	1
tokyomidtown	1	1
tom_peters	1	1
tommasoteofili	1	1
tommyh	1	1
tones	1	1
tonvanderliet	1	1
tonyreinhart	1	1
tonywood	1	2
toodolist	1	1
toomasr	1	1
toranb	1	1
toyodam	1	1
tristanbuckner	1	1
troethom	1	1
tronkowski	1	1
trudyprins	1	1
truebethegreat	1	1
truthtrap	1	1
tsally	1	1
tsarvind	1	2
tsubasashi	1	1
tsuka	1	1
ttaizo	1	1
ttkkmg	1	1
tumbukta	1	1
tupikp	1	1
tux_rocker	1	1
twarko	1	1
twasink	1	1
twls	1	1
tzangms	1	1
u1	1	2
ueshin	1	1
ufcpp	1	1
umulius	1	2
unclebobmartin	1	1
unok	1	2
uprush	1	1
ushiday	1	2
ut_ymgc	1	4
utopiah	1	1
valb00	1	1
valvallow	1	1
vambenepe	1	1
vccarvalho	1	1
vchalana	1	2
vd	1	1
veen	1	1
velocityconf	1	1
verdilak	1	1
vermorel	1	1
veshi	1	1
veufre	1	1
vigneshmiriyala	1	1
vijay2win	1	1
vikkichowney	1	1
vincentpants	1	1
vinny2020	1	1
virtix	1	1
viveknv	1	1
vivekrishna	1	1
vonsydow	1	1
voodootikigod	1	1
voutilad	1	1
vreahli	1	1
vsergei	1	1
vtri	1	1
vzaliva	1	1
wadey	1	1
wagerlabs	1	1
wahalulu	1	1
waisu70	1	2
walshmichael	1	1
wanghongyang	1	1
wanszezit	1	1
warneronstine	1	1
watabou	1	1
wayne530	1	1
waynedixon	1	1
waysaku	1	1
wbruce	1	1
web20show	1	1
webr3	1	1
wefollow	1	1
weierophinney	1	1
weikaolun	1	1
welkaim	1	1
weststar42	1	1
whiter4bbit	1	1
willathome	1	1
williamlouth	1	1
williammcknight	1	1
williamsjoe	1	1
willow0jp	1	1
wimjongman	1	1
wimrampen	1	1
wimvanleuven	1	2
windows7_nanami	1	1
winstonyw	1	1
wk77	1	1
wllm	1	1
wmacgyver	1	1
woeye	1	1
wonko9	1	1
wuitap	1	1
x86brandon	1	1
xcbsmith	1	1
xclricky	1	1
xiiiiiiiiii	1	1
xinit	1	1
xoclipse	1	1
xtat	1	1
xxkickerxx	1	1
xxthexjakexx	1	2
y10n	1	2
y_benjo	1	1
yacchin1205	1	1
yamadaryuhei	1	1
yamaz	1	4
yangzhe1990	1	1
yegg	1	1
yhiro_twr	1	1
ynaoto	1	1
yongsubshin	1	1
yoppiblog	1	1
you_and_i	1	1
youtube	1	1
ys3	1	1
ysaw	1	1
ytsuboi	1	1
ytsuji11	1	1
yujis_ve	1	1
yukifujino	1	1
yumano	1	1
yunh	1	1
yunjiong	1	1
yuripop	1	1
yuroyoro	1	1
yusukei	1	1
yy1ng	1	1
zacwhite	1	1
zahardzhan	1	1
zaxtax	1	1
zelandiya	1	2
zenom_	1	1
zenpundit	1	1
zenra_bot	1	1
zephiransas	1	1
zetamatta	1	1
zetta1985	1	1
zieglerfe	1	1
zigphroid	1	1
ziobrando	1	1
ziromr	1	1
znbailey	1	2
zooko	1	1
zoonini	1	1
zzn2	1	1
zzztimbo	1	1
Anant_Singh	2	2
Apreche	2	2
Carnage4Life	2	2
Fire_Tom	2	2
FrancescoC	2	2
FunnelFiasco	2	5
GeorgeReese	2	2
IdentityWoman	2	2
IntelligentEnt	2	3
JoeFernandez	2	3
MaineC	2	2
RamonChen	2	3
Rchards	2	2
SethGrimes	2	3
ShanleyKane	2	3
TanNg	2	2
TechCrunch	2	3
TedC	2	3
WadeWegner	2	2
_hgavin	2	2
aalmiray	2	3
abraham	2	2
adamjodonnell	2	2
agbiotec	2	2
al3x	2	2
amicel	2	2
andraz	2	2
andreisavu	2	2
andrewmccall	2	4
anutron	2	2
ar1	2	4
arikfr	2	2
arisohn	2	2
aviars	2	3
awscloud	2	3
basking2	2	2
benhardy	2	2
bevelson	2	2
billynewport	2	3
blaine	2	2
bobgourley	2	2
bradheintz	2	2
brandon_rhodes	2	2
cdixon	2	2
chaddickerson	2	2
clemesha	2	2
cloudbzz	2	2
combacsa	2	2
danmil	2	5
darachennis	2	2
dataspora	2	2
debasishg	2	2
dehora	2	2
deliprao	2	13
dentomo	2	3
dhruvbansal	2	2
dmenninger	2	2
dnene	2	2
dpatil	2	2
drsm79	2	4
echo_khannedy	2	2
eddieyoon	2	2
eiichirouchiumi	2	2
ekampf	2	3
emileifrem	2	2
eriwen	2	2
ewantoo	2	2
felipernb	2	3
fharenheit	2	2
frank06	2	3
frankolken	2	2
funkatron	2	2
gabvirtualworld	2	3
garethr	2	2
gigastacey	2	2
glaforge	2	2
gleicon	2	2
grantmichaels	2	6
groovetini	2	3
gsingers	2	2
gwenshap	2	3
hackathorn	2	3
haikuman	2	3
hannescarlmeyer	2	3
headius	2	3
hornOKplease	2	2
hortovanyi	2	3
iamdietrich	2	4
ichiro_satoh	2	3
inao	2	3
infynyxx	2	3
jasona	2	3
jatorre	2	3
jboner	2	2
jeffbarr	2	2
jeffz_cn	2	2
jeppec	2	3
jgrayla	2	2
joeharris76	2	2
johnolilly	2	2
johnrrymer	2	2
josephkelly	2	2
joshdilworth	2	2
joshdsullivan	2	2
joshuabaer	2	2
jplana	2	3
jurgenappelo	2	2
just_do_neet	2	2
justinkistner	2	2
kellan	2	2
kevinmarks	2	2
kiwitobes	2	2
kkawamura	2	2
klimpong	2	2
kumagi	2	8
lcooney	2	2
livecipher	2	3
lukevenediger	2	4
magicaltrout	2	2
makeplex	2	3
mamoruk	2	4
markmadsen	2	4
martinzoldano	2	2
masuidrive	2	2
mauriciojr	2	2
mdkail	2	4
melly_g	2	2
mgualtieri	2	3
michaelg	2	2
michaelneale	2	2
michaelwilde	2	11
mijndert	2	3
mirven	2	2
mitchitized	2	3
mja	2	2
mnshah	2	2
mochawan	2	2
mogwaing	2	4
mrudnick	2	2
mwessendorf	2	3
nicksieger	2	2
nogoth	2	2
nsharp_2ch	2	8
numbercrunching	2	3
olabini	2	2
olemartin	2	2
olyerickson	2	2
osdcfr	2	4
parulia	2	3
patrichards	2	2
paulretherford	2	2
paulscott56	2	3
peterc	2	2
petersirota	2	3
pfcdgayo	2	2
pfreet	2	2
phaithful	2	2
phelo	2	2
philwhln	2	3
phuff	2	2
pingles	2	2
pjhyett	2	2
platformlead	2	2
preferred_jp	2	4
psnively	2	3
r15habh	2	2
rashmi	2	2
redhotstar	2	6
rguha	2	2
rich_hutton	2	2
rootwyrm	2	2
ruv	2	2
ryo_katsuma	2	2
samnewman	2	3
satoruf	2	2
sbidwai	2	4
sh1mmer	2	5
shashivelur	2	2
shinodogg	2	2
shinpei_ohtani	2	2
shita	2	2
slideshare	2	3
spooksandgeeks	2	2
spullara	2	2
ssauer	2	2
stephenfry	2	2
stephenodonnell	2	3
stevedupe	2	2
steveeichert	2	2
stevereads	2	2
stigsb	2	2
stuhood	2	2
svrc	2	3
syl112	2	2
takao_nakagawa	2	2
tamagawa_ryuji	2	2
tgibbs	2	2
utkarsh	2	3
vRobM	2	2
virtualandy	2	2
vsbuffalo	2	2
vtoroman	2	2
weckerson	2	2
yaiza	2	2
yamasan007	2	2
ydn	2	2
ysaotome	2	2
yssk22	2	2
yukotan	2	2
yutuki_r	2	5
yuvipanda	2	2
zhenjl	2	2
znmeb	2	2
zzgavin	2	2
DZone	3	3
HenryR	3	4
NeilRobbins	3	4
Scobleizer	3	4
ShlomoSwidler	3	3
Werner	3	3
agemooij	3	6
akitada	3	3
arjunram	3	4
aslak_hellesoy	3	3
bigdata	3	3
bigodines	3	4
bitterer	3	3
boorad	3	3
cemerick	3	4
charlesnw	3	5
codemonkeyism	3	4
codepo8	3	3
craig_macdonald	3	4
crodas	3	4
daniel_levine	3	3
defunkt	3	3
derekspringer	3	3
dickwall	3	3
finegameofnil	3	4
floleibert	3	3
forest520	3	3
gilesgoatboy	3	3
google	3	4
hisashi_yano	3	3
hmason	3	3
hornbeck	3	4
i2pi	3	3
idefine	3	5
ikarzali	3	3
jandot	3	3
jchris	3	3
jdcryans	3	3
joestump	3	4
john_avery	3	8
keithsthomas	3	3
krudin	3	5
kweiner	3	8
lawouach	3	3
lenbust	3	3
lenn0x	3	6
lmacvittie	3	3
mallipeddi	3	3
marksands	3	4
masayh	3	4
metcalfc	3	6
nemoton	3	3
nicktj	3	4
osacaz4	3	4
owen_omalley	3	6
parand	3	3
pcalcado	3	3
pkedrosky	3	3
randybias	3	3
reinvigorate	3	3
saintstack	3	3
samtingleff	3	7
saurabhnanda	3	3
sclopit	3	3
semanticvoid	3	3
spyced	3	4
sstrudeau	3	4
stkaes	3	3
tatsuya6502	3	3
technomancy	3	5
tlockney	3	3
tmornini	3	5
voluntas	3	5
wadearnold	3	3
Beaker	4	4
EventCloudPro	4	11
JAdP	4	4
James_Rubino	4	5
aaroncordova	4	4
acmurthy	4	4
adpowers	4	6
ashigeru	4	15
ayende	4	4
bsletten	4	4
chriscurtin	4	9
communicating	4	5
cote	4	7
dacort	4	7
dbmoore	4	5
defrag	4	7
eliast	4	4
eugeneiiim	4	4
jameskobielus	4	8
janl	4	4
josvandongen	4	5
justinsheehy	4	5
kendall	4	5
kimsterv	4	5
klbostee	4	4
krishnan	4	4
larsgeorge	4	4
lhillenbrand	4	6
merv	4	6
mikeferguson1	4	5
phploveme	4	4
rckenned	4	4
ryanprociuk	4	4
seancribbs	4	4
syou6162	4	5
tcurdt	4	4
tensigma	4	8
toluju	4	4
tv	4	6
wattersjames	4	5
yosit	4	5
ChrisDiehl	5	6
NeilRaden	5	6
chrisbaglieri	5	6
cutting	5	7
flowingdata	5	5
fujibee	5	13
jakehofman	5	6
jmhodges	5	8
jordansissel	5	5
kazunori_279	5	5
kimtea	5	5
kis	5	9
kuenishi	5	6
lucasjosh	5	5
m_mouri	5	9
mjasay	5	6
nathanmarz	5	6
otisg	5	8
pbrane	5	8
rgaidot	5	12
ryanobjc	5	6
sasata299	5	5
sogrady	5	6
yokofakun	5	6
CurtMonash	6	6
PaulMiller	6	7
RyanBalfanz	6	9
al3xandru	6	6
codinghorror	6	7
hadoop	6	7
igrigorik	6	9
infoarbitrage	6	6
mat_kelcey	6	9
moonpolysoft	6	6
neilkod	6	8
nenshad	6	8
sbtourist	6	7
strlen	6	6
techblogyahoo	6	6
tom_e_white	6	9
tonybain	6	6
CouchDB	7	10
Fenng	7	9
kevsmith	7	7
monkchips	7	7
neil_conway	7	7
awadallah	8	11
ccgillett	8	13
github	8	9
jpatanooga	8	12
marshallk	8	8
n_yana	8	10
ryu_kobayashi	8	9
squarecog	8	9
xamat	8	13
drewconway	9	9
lintool	9	16
matthewmccull	9	12
CMastication	10	23
alisohani	10	14
otrajman	10	10
stuartsierra	10	13
timoreilly	10	13
cwensel	11	12
kzk_mover	11	15
nealrichter	11	14
Agile_Cat	12	19
BlueBoxTraveler	12	16
Nakada_itpro	12	19
dysinger	12	14
ogrisel	12	15
xefyr	13	14
botchagalupe	14	36
esammer	15	22
hackingdata	15	20
okachimachiorz	15	28
mikeolson	17	22
mndoci	20	32
shot6	20	46
rjurney	21	42
DataJunkie	23	34
bradfordcross	25	33
peteskomoroch	25	38
tlipcon	27	37
kevinweil	28	36
mrflip	32	39
LusciousPear	33	45
cloudera	43	74
infochimps	78	100
